Sender,Receiver,
Ada.Campo-Corrente,Ada.Campo-Corrente Ingrid.Barranco,2
Ada.Campo-Corrente,Ada.Campo-Corrente Orhan.Strum Willem.Vasco-Pais Ingrid.Barranco,1
Ada.Campo-Corrente,Ada.Campo-Corrente Orhan.Strum Willem.Vasco-Pais Sten.Sanjorge Jr.,1
Ada.Campo-Corrente,Felix.Resumir,2
Ada.Campo-Corrente,Ingrid.Barranco Ada.Campo-Corrente,1
Ada.Campo-Corrente,Ingrid.Barranco Ada.Campo-Corrente Sten.Sanjorge Jr. Willem.Vasco-Pais,2
Ada.Campo-Corrente,Ingrid.Barranco Sten.Sanjorge Jr.,1
Ada.Campo-Corrente,Orhan.Strum Sten.Sanjorge Jr. Ada.Campo-Corrente,3
Ada.Campo-Corrente,Rachel.Pantanal Lars.Azada Felix.Balas Isande.Borrasca Axel.Calzas Gustav.Cazar Lidelse.Dedos Birgitta.Frente Vira.Frente Adra.Nubarron Marin.Onda Kare.Orilla Elsa.Orilla Brand.Tempestad Ingrid.Barranco Ada.Campo-Corrente Sten.Sanjorge Jr. Orhan.Strum Willem.Vasco-Pais Bertrand.Ovan Albina.Hafon Benito.Hawelon Claudio.Hawelon Henk.Mies Valeria.Morlun Adan.Morlun Cecilia.Morluniau Irene.Nant Dylan.Scozzese Lucas.Alcazar Isak.Baza Linnea.Bergen Nils.Calixto Sven.Flecha Hideki.Cocinaro Inga.Ferro Loreto.Bodrogi Isia.Vann Stenig.Fusil Hennie.Osvaldo Kanon.Herrero Varja.Lagos Minke.Mies Felix.Resumir Edvard.Vann Emile.Arpa Varro.Awelon Mat.Bramar Dante.Coginian Carla.Forluniau Linda.Lagos Cornelia.Lais Ruscella.Mies.Haber Anda.Ribera,2
Ada.Campo-Corrente,Ruscella.Mies.Haber,1
Ada.Campo-Corrente,Sten.Sanjorge Jr. Ada.Campo-Corrente,3
Ada.Campo-Corrente,Sten.Sanjorge Jr. Ada.Campo-Corrente Ingrid.Barranco,1
Ada.Campo-Corrente,Sten.Sanjorge Jr. Willem.Vasco-Pais Ada.Campo-Corrente Orhan.Strum,2
Ada.Campo-Corrente,Willem.Vasco-Pais Sten.Sanjorge Jr. Ada.Campo-Corrente,1
Ada.Campo-Corrente,Willem.Vasco-Pais Sten.Sanjorge Jr. Ada.Campo-Corrente Orhan.Strum,2
Adan.Morlun,Adan.Morlun Benito.Hawelon Bertrand.Ovan Varro.Awelon Emile.Arpa Dylan.Scozzese Cecilia.Morluniau Henk.Mies Valeria.Morlun Dante.Coginian Irene.Nant Albina.Hafon,2
Adan.Morlun,Adan.Morlun Henk.Mies Benito.Hawelon,1
Adan.Morlun,Adan.Morlun Valeria.Morlun Henk.Mies Albina.Hafon Dylan.Scozzese,3
Adan.Morlun,Albina.Hafon Claudio.Hawelon Benito.Hawelon Dante.Coginian Cecilia.Morluniau Valeria.Morlun Henk.Mies Dylan.Scozzese Adan.Morlun Varro.Awelon Irene.Nant,1
Adan.Morlun,Albina.Hafon Valeria.Morlun Cecilia.Morluniau Henk.Mies Dylan.Scozzese Benito.Hawelon,1
Adan.Morlun,Cecilia.Morluniau Benito.Hawelon Albina.Hafon Adan.Morlun Claudio.Hawelon Valeria.Morlun Irene.Nant,1
Adan.Morlun,Claudio.Hawelon Benito.Hawelon Henk.Mies Dylan.Scozzese Valeria.Morlun Irene.Nant Dante.Coginian Emile.Arpa Adan.Morlun Varro.Awelon,1
Adan.Morlun,Claudio.Hawelon Dante.Coginian Varro.Awelon Valeria.Morlun Dylan.Scozzese,1
Adan.Morlun,Dante.Coginian,2
Adan.Morlun,Dylan.Scozzese Adan.Morlun,1
Adan.Morlun,Henk.Mies Albina.Hafon,1
Adan.Morlun,Irene.Nant Cecilia.Morluniau Albina.Hafon Adan.Morlun Dylan.Scozzese,2
Adan.Morlun,Irene.Nant Dante.Coginian Emile.Arpa Varro.Awelon Cecilia.Morluniau Claudio.Hawelon Henk.Mies Dylan.Scozzese Benito.Hawelon,1
Adan.Morlun,Irene.Nant Dylan.Scozzese Adan.Morlun Dante.Coginian Emile.Arpa,1
Adan.Morlun,Rachel.Pantanal Lars.Azada Felix.Balas Isande.Borrasca Axel.Calzas Gustav.Cazar Lidelse.Dedos Birgitta.Frente Vira.Frente Adra.Nubarron Marin.Onda Kare.Orilla Elsa.Orilla Brand.Tempestad Ingrid.Barranco Ada.Campo-Corrente Sten.Sanjorge Jr. Orhan.Strum Willem.Vasco-Pais Bertrand.Ovan Albina.Hafon Benito.Hawelon Claudio.Hawelon Henk.Mies Valeria.Morlun Adan.Morlun Cecilia.Morluniau Irene.Nant Dylan.Scozzese Lucas.Alcazar Isak.Baza Linnea.Bergen Nils.Calixto Sven.Flecha Hideki.Cocinaro Inga.Ferro Loreto.Bodrogi Isia.Vann Stenig.Fusil Hennie.Osvaldo Kanon.Herrero Varja.Lagos Minke.Mies Felix.Resumir Edvard.Vann Emile.Arpa Varro.Awelon Mat.Bramar Dante.Coginian Carla.Forluniau Linda.Lagos Cornelia.Lais Ruscella.Mies.Haber Anda.Ribera,1
Adan.Morlun,Valeria.Morlun Adan.Morlun Emile.Arpa Claudio.Hawelon,1
Adra.Nubarron,Adra.Nubarron Isande.Borrasca Felix.Balas Lars.Azada Marin.Onda Elsa.Orilla Kare.Orilla Birgitta.Frente Brand.Tempestad Vira.Frente,1
Adra.Nubarron,Adra.Nubarron Lars.Azada Axel.Calzas Lidelse.Dedos,1
Adra.Nubarron,Axel.Calzas Vira.Frente Birgitta.Frente Isande.Borrasca Brand.Tempestad Felix.Balas Gustav.Cazar Marin.Onda Kare.Orilla Adra.Nubarron Lidelse.Dedos Elsa.Orilla,1
Adra.Nubarron,Cecilia.Morluniau,1
Adra.Nubarron,Isande.Borrasca Brand.Tempestad Adra.Nubarron Marin.Onda Kare.Orilla Elsa.Orilla,1
Adra.Nubarron,Isande.Borrasca Elsa.Orilla Felix.Balas Brand.Tempestad Kare.Orilla Adra.Nubarron Lars.Azada Marin.Onda Gustav.Cazar,1
Adra.Nubarron,Lars.Azada Adra.Nubarron,1
Adra.Nubarron,Lidelse.Dedos Elsa.Orilla Felix.Balas Birgitta.Frente Brand.Tempestad Adra.Nubarron,1
Adra.Nubarron,Rachel.Pantanal Lars.Azada Felix.Balas Isande.Borrasca Axel.Calzas Gustav.Cazar Lidelse.Dedos Birgitta.Frente Vira.Frente Adra.Nubarron Marin.Onda Kare.Orilla Elsa.Orilla Brand.Tempestad Ingrid.Barranco Ada.Campo-Corrente Sten.Sanjorge Jr. Orhan.Strum Willem.Vasco-Pais Bertrand.Ovan Albina.Hafon Benito.Hawelon Claudio.Hawelon Henk.Mies Valeria.Morlun Adan.Morlun Cecilia.Morluniau Irene.Nant Dylan.Scozzese Lucas.Alcazar Isak.Baza Linnea.Bergen Nils.Calixto Sven.Flecha Hideki.Cocinaro Inga.Ferro Loreto.Bodrogi Isia.Vann Stenig.Fusil Hennie.Osvaldo Kanon.Herrero Varja.Lagos Minke.Mies Felix.Resumir Edvard.Vann Emile.Arpa Varro.Awelon Mat.Bramar Dante.Coginian Carla.Forluniau Linda.Lagos Cornelia.Lais Ruscella.Mies.Haber Anda.Ribera,3
Adra.Nubarron,Ruscella.Mies.Haber,2
Albina.Hafon,Adan.Morlun Benito.Hawelon Bertrand.Ovan Varro.Awelon Emile.Arpa Dylan.Scozzese Cecilia.Morluniau Henk.Mies Valeria.Morlun Dante.Coginian Irene.Nant Albina.Hafon,1
Albina.Hafon,Adan.Morlun Valeria.Morlun Henk.Mies Albina.Hafon Dylan.Scozzese,1
Albina.Hafon,Albina.Hafon Dylan.Scozzese Cecilia.Morluniau Benito.Hawelon,1
Albina.Hafon,Albina.Hafon Valeria.Morlun Cecilia.Morluniau Henk.Mies Dylan.Scozzese Benito.Hawelon,2
Albina.Hafon,Benito.Hawelon Albina.Hafon,3
Albina.Hafon,Bertrand.Ovan Albina.Hafon Henk.Mies Dylan.Scozzese Cecilia.Morluniau Irene.Nant Adan.Morlun,3
Albina.Hafon,Cecilia.Morluniau Benito.Hawelon Albina.Hafon Adan.Morlun Claudio.Hawelon Valeria.Morlun Irene.Nant,1
Albina.Hafon,Cecilia.Morluniau Claudio.Hawelon Albina.Hafon,1
Albina.Hafon,Claudio.Hawelon Albina.Hafon Dylan.Scozzese Irene.Nant Varro.Awelon Benito.Hawelon Dante.Coginian,1
Albina.Hafon,Claudio.Hawelon Cecilia.Morluniau Benito.Hawelon Emile.Arpa Adan.Morlun Valeria.Morlun Dante.Coginian Henk.Mies Varro.Awelon Dylan.Scozzese Albina.Hafon Irene.Nant,1
Albina.Hafon,Dante.Coginian Albina.Hafon Benito.Hawelon Henk.Mies,1
Albina.Hafon,Dante.Coginian Irene.Nant Dylan.Scozzese Benito.Hawelon Valeria.Morlun Adan.Morlun Emile.Arpa,1
Albina.Hafon,Dylan.Scozzese,3
Albina.Hafon,Dylan.Scozzese Claudio.Hawelon Emile.Arpa Irene.Nant,1
Albina.Hafon,Henk.Mies Albina.Hafon,1
Albina.Hafon,Irene.Nant Albina.Hafon Adan.Morlun Valeria.Morlun Dante.Coginian Dylan.Scozzese Varro.Awelon Claudio.Hawelon Benito.Hawelon Cecilia.Morluniau Emile.Arpa,1
Albina.Hafon,Rachel.Pantanal,2
Albina.Hafon,Valeria.Morlun Emile.Arpa Adan.Morlun Dylan.Scozzese Irene.Nant Bertrand.Ovan Cecilia.Morluniau Claudio.Hawelon Dante.Coginian Henk.Mies Benito.Hawelon Albina.Hafon,1
Anda.Ribera,Cornelia.Lais,3
Anda.Ribera,Gustav.Cazar,2
Anda.Ribera,Henk.Mies,2
Anda.Ribera,Lars.Azada,2
Anda.Ribera,Mat.Bramar Anda.Ribera Rachel.Pantanal Linda.Lagos Ruscella.Mies.Haber Carla.Forluniau Cornelia.Lais,     13
Anda.Ribera,Rachel.Pantanal Lars.Azada Felix.Balas Isande.Borrasca Axel.Calzas Gustav.Cazar Lidelse.Dedos Birgitta.Frente Vira.Frente Adra.Nubarron Marin.Onda Kare.Orilla Elsa.Orilla Brand.Tempestad Ingrid.Barranco Ada.Campo-Corrente Sten.Sanjorge Jr. Orhan.Strum Willem.Vasco-Pais Bertrand.Ovan Albina.Hafon Benito.Hawelon Claudio.Hawelon Henk.Mies Valeria.Morlun Adan.Morlun Cecilia.Morluniau Irene.Nant Dylan.Scozzese Lucas.Alcazar Isak.Baza Linnea.Bergen Nils.Calixto Sven.Flecha Hideki.Cocinaro Inga.Ferro Loreto.Bodrogi Isia.Vann Stenig.Fusil Hennie.Osvaldo Kanon.Herrero Varja.Lagos Minke.Mies Felix.Resumir Edvard.Vann Emile.Arpa Varro.Awelon Mat.Bramar Dante.Coginian Carla.Forluniau Linda.Lagos Cornelia.Lais Ruscella.Mies.Haber Anda.Ribera,1
Anda.Ribera,Valeria.Morlun,2
Axel.Calzas,Adra.Nubarron Marin.Onda Isande.Borrasca Lidelse.Dedos Gustav.Cazar Brand.Tempestad Axel.Calzas Lars.Azada Kare.Orilla Birgitta.Frente Felix.Balas,1
Axel.Calzas,Axel.Calzas Elsa.Orilla Lars.Azada,3
Axel.Calzas,Axel.Calzas Kare.Orilla Elsa.Orilla,1
Axel.Calzas,Axel.Calzas Lidelse.Dedos,1
Axel.Calzas,Elsa.Orilla Gustav.Cazar Kare.Orilla Vira.Frente Lars.Azada Adra.Nubarron Felix.Balas Axel.Calzas Marin.Onda Lidelse.Dedos Brand.Tempestad,1
Axel.Calzas,Felix.Balas Lars.Azada Elsa.Orilla Birgitta.Frente Kare.Orilla Isande.Borrasca Gustav.Cazar Axel.Calzas Vira.Frente,2
Axel.Calzas,Gustav.Cazar Brand.Tempestad Lars.Azada Marin.Onda Birgitta.Frente Adra.Nubarron Kare.Orilla Axel.Calzas Elsa.Orilla Lidelse.Dedos Vira.Frente,1
Axel.Calzas,Lars.Azada,2
Axel.Calzas,Nils.Calixto,3
Axel.Calzas,Rachel.Pantanal Lars.Azada Felix.Balas Isande.Borrasca Axel.Calzas Gustav.Cazar Lidelse.Dedos Birgitta.Frente Vira.Frente Adra.Nubarron Marin.Onda Kare.Orilla Elsa.Orilla Brand.Tempestad Ingrid.Barranco Ada.Campo-Corrente Sten.Sanjorge Jr. Orhan.Strum Willem.Vasco-Pais Bertrand.Ovan Albina.Hafon Benito.Hawelon Claudio.Hawelon Henk.Mies Valeria.Morlun Adan.Morlun Cecilia.Morluniau Irene.Nant Dylan.Scozzese Lucas.Alcazar Isak.Baza Linnea.Bergen Nils.Calixto Sven.Flecha Hideki.Cocinaro Inga.Ferro Loreto.Bodrogi Isia.Vann Stenig.Fusil Hennie.Osvaldo Kanon.Herrero Varja.Lagos Minke.Mies Felix.Resumir Edvard.Vann Emile.Arpa Varro.Awelon Mat.Bramar Dante.Coginian Carla.Forluniau Linda.Lagos Cornelia.Lais Ruscella.Mies.Haber Anda.Ribera,2
Axel.Calzas,Varja.Lagos,2
Axel.Calzas,Vira.Frente Axel.Calzas,1
Axel.Calzas,Vira.Frente Felix.Balas Axel.Calzas,2
Benito.Hawelon,Adan.Morlun Claudio.Hawelon Valeria.Morlun Varro.Awelon Albina.Hafon Emile.Arpa Irene.Nant Benito.Hawelon Dante.Coginian,1
Benito.Hawelon,Albina.Hafon Emile.Arpa Dylan.Scozzese Claudio.Hawelon Dante.Coginian Bertrand.Ovan Henk.Mies Valeria.Morlun,1
Benito.Hawelon,Albina.Hafon Valeria.Morlun Cecilia.Morluniau Henk.Mies Dylan.Scozzese Benito.Hawelon,1
Benito.Hawelon,Benito.Hawelon Albina.Hafon,2
Benito.Hawelon,Benito.Hawelon Henk.Mies Cecilia.Morluniau Irene.Nant Adan.Morlun Claudio.Hawelon,1
Benito.Hawelon,Benito.Hawelon Henk.Mies Varro.Awelon Cecilia.Morluniau Albina.Hafon Emile.Arpa Claudio.Hawelon,1
Benito.Hawelon,Claudio.Hawelon Dante.Coginian Valeria.Morlun Albina.Hafon Emile.Arpa Cecilia.Morluniau Adan.Morlun Benito.Hawelon Varro.Awelon,1
Benito.Hawelon,Dante.Coginian Albina.Hafon Benito.Hawelon Henk.Mies,1
Benito.Hawelon,Dante.Coginian Dylan.Scozzese Irene.Nant Cecilia.Morluniau Emile.Arpa Adan.Morlun Henk.Mies Valeria.Morlun,1
Benito.Hawelon,Dante.Coginian Varro.Awelon Albina.Hafon Claudio.Hawelon,1
Benito.Hawelon,Dylan.Scozzese Dante.Coginian Valeria.Morlun Emile.Arpa Benito.Hawelon Claudio.Hawelon Henk.Mies Albina.Hafon Adan.Morlun Irene.Nant,1
Benito.Hawelon,Elsa.Orilla,3
Benito.Hawelon,Emile.Arpa Valeria.Morlun Varro.Awelon Cecilia.Morluniau Albina.Hafon Henk.Mies Dante.Coginian Claudio.Hawelon,1
Benito.Hawelon,Felix.Resumir,3
Benito.Hawelon,Henk.Mies Albina.Hafon Dante.Coginian Benito.Hawelon Varro.Awelon Bertrand.Ovan Claudio.Hawelon Emile.Arpa Valeria.Morlun Adan.Morlun,1
Benito.Hawelon,Henk.Mies Benito.Hawelon Adan.Morlun Dylan.Scozzese,1
Benito.Hawelon,Henk.Mies Benito.Hawelon Cecilia.Morluniau Claudio.Hawelon Valeria.Morlun Albina.Hafon Irene.Nant,1
Benito.Hawelon,Rachel.Pantanal Lars.Azada Felix.Balas Isande.Borrasca Axel.Calzas Gustav.Cazar Lidelse.Dedos Birgitta.Frente Vira.Frente Adra.Nubarron Marin.Onda Kare.Orilla Elsa.Orilla Brand.Tempestad Ingrid.Barranco Ada.Campo-Corrente Sten.Sanjorge Jr. Orhan.Strum Willem.Vasco-Pais Bertrand.Ovan Albina.Hafon Benito.Hawelon Claudio.Hawelon Henk.Mies Valeria.Morlun Adan.Morlun Cecilia.Morluniau Irene.Nant Dylan.Scozzese Lucas.Alcazar Isak.Baza Linnea.Bergen Nils.Calixto Sven.Flecha Hideki.Cocinaro Inga.Ferro Loreto.Bodrogi Isia.Vann Stenig.Fusil Hennie.Osvaldo Kanon.Herrero Varja.Lagos Minke.Mies Felix.Resumir Edvard.Vann Emile.Arpa Varro.Awelon Mat.Bramar Dante.Coginian Carla.Forluniau Linda.Lagos Cornelia.Lais Ruscella.Mies.Haber Anda.Ribera,1
Bertrand.Ovan,Adan.Morlun Benito.Hawelon Bertrand.Ovan Varro.Awelon Emile.Arpa Dylan.Scozzese Cecilia.Morluniau Henk.Mies Valeria.Morlun Dante.Coginian Irene.Nant Albina.Hafon,1
Bertrand.Ovan,Albina.Hafon Emile.Arpa Dylan.Scozzese Claudio.Hawelon Dante.Coginian Bertrand.Ovan Henk.Mies Valeria.Morlun,1
Bertrand.Ovan,Emile.Arpa Varro.Awelon Dante.Coginian Albina.Hafon Benito.Hawelon Claudio.Hawelon Henk.Mies Valeria.Morlun Adan.Morlun Cecilia.Morluniau Irene.Nant Dylan.Scozzese,     23
Bertrand.Ovan,Irene.Nant Adan.Morlun Valeria.Morlun Emile.Arpa Varro.Awelon Benito.Hawelon Henk.Mies Bertrand.Ovan Claudio.Hawelon,1
Bertrand.Ovan,Valeria.Morlun Emile.Arpa Adan.Morlun Dylan.Scozzese Irene.Nant Bertrand.Ovan Cecilia.Morluniau Claudio.Hawelon Dante.Coginian Henk.Mies Benito.Hawelon Albina.Hafon,1
Birgitta.Frente,Birgitta.Frente Lars.Azada Felix.Balas,1
Birgitta.Frente,Elsa.Orilla Lars.Azada Gustav.Cazar,1
Birgitta.Frente,Elsa.Orilla Vira.Frente Kare.Orilla Isande.Borrasca Gustav.Cazar Birgitta.Frente Brand.Tempestad Lars.Azada Marin.Onda Axel.Calzas,2
Birgitta.Frente,Isak.Baza,3
Birgitta.Frente,Lars.Azada Adra.Nubarron,1
Birgitta.Frente,Lidelse.Dedos Elsa.Orilla Felix.Balas Birgitta.Frente Brand.Tempestad Adra.Nubarron,1
Birgitta.Frente,Marin.Onda Brand.Tempestad Elsa.Orilla Axel.Calzas Isande.Borrasca Birgitta.Frente Kare.Orilla,1
Brand.Tempestad,Adra.Nubarron Marin.Onda Isande.Borrasca Lidelse.Dedos Gustav.Cazar Brand.Tempestad Axel.Calzas Lars.Azada Kare.Orilla Birgitta.Frente Felix.Balas,2
Brand.Tempestad,Birgitta.Frente Lars.Azada Felix.Balas,1
Brand.Tempestad,Brand.Tempestad Lidelse.Dedos Lars.Azada,2
Brand.Tempestad,Elsa.Orilla Isande.Borrasca Birgitta.Frente Gustav.Cazar Felix.Balas Marin.Onda Lars.Azada Vira.Frente Axel.Calzas Kare.Orilla Adra.Nubarron Brand.Tempestad,1
Brand.Tempestad,Gustav.Cazar Brand.Tempestad Lars.Azada Marin.Onda Birgitta.Frente Adra.Nubarron Kare.Orilla Axel.Calzas Elsa.Orilla Lidelse.Dedos Vira.Frente,1
Brand.Tempestad,Gustav.Cazar Kare.Orilla Adra.Nubarron Vira.Frente Felix.Balas Brand.Tempestad Elsa.Orilla Axel.Calzas Marin.Onda Isande.Borrasca Lidelse.Dedos Birgitta.Frente,1
Brand.Tempestad,Isande.Borrasca Brand.Tempestad Adra.Nubarron Marin.Onda Kare.Orilla Elsa.Orilla,2
Brand.Tempestad,Isande.Borrasca Lars.Azada Kare.Orilla Marin.Onda Elsa.Orilla Axel.Calzas Brand.Tempestad Vira.Frente,1
Brand.Tempestad,Lidelse.Dedos Elsa.Orilla Felix.Balas Birgitta.Frente Brand.Tempestad Adra.Nubarron,1
Brand.Tempestad,Lidelse.Dedos Lars.Azada Vira.Frente Kare.Orilla,1
Brand.Tempestad,Vira.Frente Axel.Calzas Lidelse.Dedos Adra.Nubarron Brand.Tempestad Isande.Borrasca,2
Carla.Forluniau,Felix.Balas,2
Carla.Forluniau,Irene.Nant,1
Carla.Forluniau,Mat.Bramar Anda.Ribera Rachel.Pantanal Linda.Lagos Ruscella.Mies.Haber Carla.Forluniau Cornelia.Lais,     19
Carla.Forluniau,Varro.Awelon,3
Cecilia.Morluniau,Adan.Morlun Claudio.Hawelon Albina.Hafon Henk.Mies,1
Cecilia.Morluniau,Adan.Morlun Henk.Mies Benito.Hawelon,1
Cecilia.Morluniau,Albina.Hafon Dylan.Scozzese Cecilia.Morluniau Benito.Hawelon,1
Cecilia.Morluniau,Albina.Hafon Dylan.Scozzese Henk.Mies Claudio.Hawelon Cecilia.Morluniau Valeria.Morlun Irene.Nant,1
Cecilia.Morluniau,Benito.Hawelon Dante.Coginian Claudio.Hawelon Irene.Nant Emile.Arpa Cecilia.Morluniau Dylan.Scozzese Albina.Hafon Valeria.Morlun,1
Cecilia.Morluniau,Bertrand.Ovan,1
Cecilia.Morluniau,Bertrand.Ovan Albina.Hafon Henk.Mies Dylan.Scozzese Cecilia.Morluniau Irene.Nant Adan.Morlun,1
Cecilia.Morluniau,Bertrand.Ovan Varro.Awelon Dante.Coginian Adan.Morlun Albina.Hafon Claudio.Hawelon Cecilia.Morluniau Irene.Nant Henk.Mies,3
Cecilia.Morluniau,Dante.Coginian Valeria.Morlun Dylan.Scozzese Cecilia.Morluniau,1
Cecilia.Morluniau,Dylan.Scozzese Cecilia.Morluniau Valeria.Morlun Henk.Mies Claudio.Hawelon Irene.Nant Adan.Morlun,1
Cecilia.Morluniau,Dylan.Scozzese Emile.Arpa Henk.Mies Adan.Morlun Valeria.Morlun Benito.Hawelon Albina.Hafon Claudio.Hawelon,1
Cecilia.Morluniau,Ingrid.Barranco,2
Cecilia.Morluniau,Irene.Nant Albina.Hafon,1
Claudio.Hawelon,Adan.Morlun Claudio.Hawelon Dylan.Scozzese Albina.Hafon Irene.Nant Henk.Mies Benito.Hawelon,1
Claudio.Hawelon,Adan.Morlun Dante.Coginian Henk.Mies Dylan.Scozzese Claudio.Hawelon Irene.Nant Cecilia.Morluniau Varro.Awelon Albina.Hafon,1
Claudio.Hawelon,Albina.Hafon Dylan.Scozzese Henk.Mies Claudio.Hawelon Cecilia.Morluniau Valeria.Morlun Irene.Nant,2
Claudio.Hawelon,Albina.Hafon Emile.Arpa Varro.Awelon,1
Claudio.Hawelon,Benito.Hawelon Henk.Mies Cecilia.Morluniau Irene.Nant Adan.Morlun Claudio.Hawelon,1
Claudio.Hawelon,Bertrand.Ovan Albina.Hafon Henk.Mies Dylan.Scozzese Cecilia.Morluniau Irene.Nant Adan.Morlun,1
Claudio.Hawelon,Cecilia.Morluniau Benito.Hawelon Albina.Hafon Adan.Morlun Claudio.Hawelon Valeria.Morlun Irene.Nant,1
Claudio.Hawelon,Cecilia.Morluniau Claudio.Hawelon Albina.Hafon,2
Claudio.Hawelon,Claudio.Hawelon,1
Claudio.Hawelon,Claudio.Hawelon Cecilia.Morluniau Benito.Hawelon Emile.Arpa Adan.Morlun Valeria.Morlun Dante.Coginian Henk.Mies Varro.Awelon Dylan.Scozzese Albina.Hafon Irene.Nant,2
Claudio.Hawelon,Dante.Coginian Adan.Morlun Irene.Nant,1
Claudio.Hawelon,Dylan.Scozzese Claudio.Hawelon Emile.Arpa Irene.Nant,1
Claudio.Hawelon,Henk.Mies Albina.Hafon Dante.Coginian Benito.Hawelon Varro.Awelon Bertrand.Ovan Claudio.Hawelon Emile.Arpa Valeria.Morlun Adan.Morlun,1
Claudio.Hawelon,Irene.Nant Adan.Morlun Valeria.Morlun Emile.Arpa Varro.Awelon Benito.Hawelon Henk.Mies Bertrand.Ovan Claudio.Hawelon,1
Claudio.Hawelon,Irene.Nant Cecilia.Morluniau Dylan.Scozzese,1
Claudio.Hawelon,Isia.Vann,2
Claudio.Hawelon,Linnea.Bergen,1
Claudio.Hawelon,Rachel.Pantanal,1
Claudio.Hawelon,Rachel.Pantanal Lars.Azada Felix.Balas Isande.Borrasca Axel.Calzas Gustav.Cazar Lidelse.Dedos Birgitta.Frente Vira.Frente Adra.Nubarron Marin.Onda Kare.Orilla Elsa.Orilla Brand.Tempestad Ingrid.Barranco Ada.Campo-Corrente Sten.Sanjorge Jr. Orhan.Strum Willem.Vasco-Pais Bertrand.Ovan Albina.Hafon Benito.Hawelon Claudio.Hawelon Henk.Mies Valeria.Morlun Adan.Morlun Cecilia.Morluniau Irene.Nant Dylan.Scozzese Lucas.Alcazar Isak.Baza Linnea.Bergen Nils.Calixto Sven.Flecha Hideki.Cocinaro Inga.Ferro Loreto.Bodrogi Isia.Vann Stenig.Fusil Hennie.Osvaldo Kanon.Herrero Varja.Lagos Minke.Mies Felix.Resumir Edvard.Vann Emile.Arpa Varro.Awelon Mat.Bramar Dante.Coginian Carla.Forluniau Linda.Lagos Cornelia.Lais Ruscella.Mies.Haber Anda.Ribera,1
Claudio.Hawelon,Valeria.Morlun Varro.Awelon,1
Cornelia.Lais,Anda.Ribera,3
Cornelia.Lais,Hideki.Cocinaro,2
Cornelia.Lais,Mat.Bramar Anda.Ribera Rachel.Pantanal Linda.Lagos Ruscella.Mies.Haber Carla.Forluniau Cornelia.Lais,     20
Cornelia.Lais,Rachel.Pantanal Lars.Azada Felix.Balas Isande.Borrasca Axel.Calzas Gustav.Cazar Lidelse.Dedos Birgitta.Frente Vira.Frente Adra.Nubarron Marin.Onda Kare.Orilla Elsa.Orilla Brand.Tempestad Ingrid.Barranco Ada.Campo-Corrente Sten.Sanjorge Jr. Orhan.Strum Willem.Vasco-Pais Bertrand.Ovan Albina.Hafon Benito.Hawelon Claudio.Hawelon Henk.Mies Valeria.Morlun Adan.Morlun Cecilia.Morluniau Irene.Nant Dylan.Scozzese Lucas.Alcazar Isak.Baza Linnea.Bergen Nils.Calixto Sven.Flecha Hideki.Cocinaro Inga.Ferro Loreto.Bodrogi Isia.Vann Stenig.Fusil Hennie.Osvaldo Kanon.Herrero Varja.Lagos Minke.Mies Felix.Resumir Edvard.Vann Emile.Arpa Varro.Awelon Mat.Bramar Dante.Coginian Carla.Forluniau Linda.Lagos Cornelia.Lais Ruscella.Mies.Haber Anda.Ribera,1
Dante.Coginian,Adan.Morlun,2
Dante.Coginian,Albina.Hafon Emile.Arpa Dylan.Scozzese Claudio.Hawelon Dante.Coginian Bertrand.Ovan Henk.Mies Valeria.Morlun,1
Dante.Coginian,Claudio.Hawelon Cecilia.Morluniau Benito.Hawelon Emile.Arpa Adan.Morlun Valeria.Morlun Dante.Coginian Henk.Mies Varro.Awelon Dylan.Scozzese Albina.Hafon Irene.Nant,2
Dante.Coginian,Claudio.Hawelon Dylan.Scozzese Cecilia.Morluniau,1
Dante.Coginian,Felix.Resumir,1
Dante.Coginian,Henk.Mies Albina.Hafon Dante.Coginian Benito.Hawelon Varro.Awelon Bertrand.Ovan Claudio.Hawelon Emile.Arpa Valeria.Morlun Adan.Morlun,1
Dante.Coginian,Hideki.Cocinaro,2
Dante.Coginian,Irene.Nant Adan.Morlun Emile.Arpa Benito.Hawelon Claudio.Hawelon Henk.Mies Dante.Coginian,1
Dante.Coginian,Irene.Nant Cecilia.Morluniau Claudio.Hawelon Benito.Hawelon Dylan.Scozzese Adan.Morlun Henk.Mies Emile.Arpa Varro.Awelon,1
Dante.Coginian,Irene.Nant Dylan.Scozzese Adan.Morlun Dante.Coginian Emile.Arpa,1
Dante.Coginian,Lucas.Alcazar,2
Dante.Coginian,Mat.Bramar,1
Dante.Coginian,Rachel.Pantanal Lars.Azada Felix.Balas Isande.Borrasca Axel.Calzas Gustav.Cazar Lidelse.Dedos Birgitta.Frente Vira.Frente Adra.Nubarron Marin.Onda Kare.Orilla Elsa.Orilla Brand.Tempestad Ingrid.Barranco Ada.Campo-Corrente Sten.Sanjorge Jr. Orhan.Strum Willem.Vasco-Pais Bertrand.Ovan Albina.Hafon Benito.Hawelon Claudio.Hawelon Henk.Mies Valeria.Morlun Adan.Morlun Cecilia.Morluniau Irene.Nant Dylan.Scozzese Lucas.Alcazar Isak.Baza Linnea.Bergen Nils.Calixto Sven.Flecha Hideki.Cocinaro Inga.Ferro Loreto.Bodrogi Isia.Vann Stenig.Fusil Hennie.Osvaldo Kanon.Herrero Varja.Lagos Minke.Mies Felix.Resumir Edvard.Vann Emile.Arpa Varro.Awelon Mat.Bramar Dante.Coginian Carla.Forluniau Linda.Lagos Cornelia.Lais Ruscella.Mies.Haber Anda.Ribera,1
Dante.Coginian,Valeria.Morlun Albina.Hafon Varro.Awelon Benito.Hawelon Dante.Coginian,1
Dylan.Scozzese,Adan.Morlun Claudio.Hawelon Benito.Hawelon Valeria.Morlun,1
Dylan.Scozzese,Albina.Hafon,3
Dylan.Scozzese,Albina.Hafon Dylan.Scozzese Henk.Mies Claudio.Hawelon Cecilia.Morluniau Valeria.Morlun Irene.Nant,1
Dylan.Scozzese,Albina.Hafon Emile.Arpa Dylan.Scozzese Claudio.Hawelon Dante.Coginian Bertrand.Ovan Henk.Mies Valeria.Morlun,1
Dylan.Scozzese,Albina.Hafon Emile.Arpa Irene.Nant Dylan.Scozzese,1
Dylan.Scozzese,Albina.Hafon Valeria.Morlun Cecilia.Morluniau Henk.Mies Dylan.Scozzese Benito.Hawelon,1
Dylan.Scozzese,Benito.Hawelon Albina.Hafon,1
Dylan.Scozzese,Cecilia.Morluniau Benito.Hawelon Albina.Hafon Adan.Morlun Claudio.Hawelon Valeria.Morlun Irene.Nant,1
Dylan.Scozzese,Claudio.Hawelon Dante.Coginian Varro.Awelon Valeria.Morlun Dylan.Scozzese,1
Dylan.Scozzese,Claudio.Hawelon Dante.Coginian Varro.Awelon Valeria.Morlun Henk.Mies Albina.Hafon,1
Dylan.Scozzese,Dante.Coginian Valeria.Morlun Dylan.Scozzese Cecilia.Morluniau,2
Dylan.Scozzese,Dylan.Scozzese Adan.Morlun,5
Dylan.Scozzese,Dylan.Scozzese Adan.Morlun Henk.Mies Albina.Hafon,1
Dylan.Scozzese,Dylan.Scozzese Claudio.Hawelon Emile.Arpa Irene.Nant,2
Dylan.Scozzese,Irene.Nant Adan.Morlun Valeria.Morlun Emile.Arpa Varro.Awelon Benito.Hawelon Henk.Mies Bertrand.Ovan Claudio.Hawelon,1
Dylan.Scozzese,Irene.Nant Cecilia.Morluniau Albina.Hafon Adan.Morlun Dylan.Scozzese,1
Dylan.Scozzese,Irene.Nant Cecilia.Morluniau Dylan.Scozzese,3
Dylan.Scozzese,Irene.Nant Dylan.Scozzese Adan.Morlun Dante.Coginian Emile.Arpa,1
Dylan.Scozzese,Irene.Nant Emile.Arpa Claudio.Hawelon Dante.Coginian Adan.Morlun Albina.Hafon Henk.Mies Dylan.Scozzese,1
Dylan.Scozzese,Rachel.Pantanal Lars.Azada Felix.Balas Isande.Borrasca Axel.Calzas Gustav.Cazar Lidelse.Dedos Birgitta.Frente Vira.Frente Adra.Nubarron Marin.Onda Kare.Orilla Elsa.Orilla Brand.Tempestad Ingrid.Barranco Ada.Campo-Corrente Sten.Sanjorge Jr. Orhan.Strum Willem.Vasco-Pais Bertrand.Ovan Albina.Hafon Benito.Hawelon Claudio.Hawelon Henk.Mies Valeria.Morlun Adan.Morlun Cecilia.Morluniau Irene.Nant Dylan.Scozzese Lucas.Alcazar Isak.Baza Linnea.Bergen Nils.Calixto Sven.Flecha Hideki.Cocinaro Inga.Ferro Loreto.Bodrogi Isia.Vann Stenig.Fusil Hennie.Osvaldo Kanon.Herrero Varja.Lagos Minke.Mies Felix.Resumir Edvard.Vann Emile.Arpa Varro.Awelon Mat.Bramar Dante.Coginian Carla.Forluniau Linda.Lagos Cornelia.Lais Ruscella.Mies.Haber Anda.Ribera,1
Dylan.Scozzese,Valeria.Morlun Albina.Hafon Cecilia.Morluniau Adan.Morlun Emile.Arpa,1
Dylan.Scozzese,Valeria.Morlun Varro.Awelon Albina.Hafon Henk.Mies Benito.Hawelon,1
Dylan.Scozzese,Varro.Awelon Adan.Morlun Henk.Mies Dante.Coginian Benito.Hawelon Cecilia.Morluniau Valeria.Morlun Irene.Nant Claudio.Hawelon Albina.Hafon Emile.Arpa,1
Dylan.Scozzese,Varro.Awelon Emile.Arpa,1
Edvard.Vann,Elsa.Orilla,3
Edvard.Vann,Felix.Resumir Varja.Lagos Edvard.Vann Hideki.Cocinaro Isia.Vann Inga.Ferro Loreto.Bodrogi Kanon.Herrero Hennie.Osvaldo Minke.Mies,1
Edvard.Vann,Henk.Mies,1
Edvard.Vann,Hennie.Osvaldo Isia.Vann,1
Edvard.Vann,Hideki.Cocinaro Varja.Lagos Loreto.Bodrogi Edvard.Vann Stenig.Fusil Hennie.Osvaldo Felix.Resumir Minke.Mies,1
Edvard.Vann,Kanon.Herrero Minke.Mies Hennie.Osvaldo Inga.Ferro Edvard.Vann Felix.Resumir,2
Edvard.Vann,Loreto.Bodrogi Isia.Vann Edvard.Vann Hideki.Cocinaro,1
Edvard.Vann,Rachel.Pantanal Lars.Azada Felix.Balas Isande.Borrasca Axel.Calzas Gustav.Cazar Lidelse.Dedos Birgitta.Frente Vira.Frente Adra.Nubarron Marin.Onda Kare.Orilla Elsa.Orilla Brand.Tempestad Ingrid.Barranco Ada.Campo-Corrente Sten.Sanjorge Jr. Orhan.Strum Willem.Vasco-Pais Bertrand.Ovan Albina.Hafon Benito.Hawelon Claudio.Hawelon Henk.Mies Valeria.Morlun Adan.Morlun Cecilia.Morluniau Irene.Nant Dylan.Scozzese Lucas.Alcazar Isak.Baza Linnea.Bergen Nils.Calixto Sven.Flecha Hideki.Cocinaro Inga.Ferro Loreto.Bodrogi Isia.Vann Stenig.Fusil Hennie.Osvaldo Kanon.Herrero Varja.Lagos Minke.Mies Felix.Resumir Edvard.Vann Emile.Arpa Varro.Awelon Mat.Bramar Dante.Coginian Carla.Forluniau Linda.Lagos Cornelia.Lais Ruscella.Mies.Haber Anda.Ribera,2
Elsa.Orilla,Adra.Nubarron Isande.Borrasca Felix.Balas Lars.Azada Marin.Onda Elsa.Orilla Kare.Orilla Birgitta.Frente Brand.Tempestad Vira.Frente,1
Elsa.Orilla,Adra.Nubarron Marin.Onda Isande.Borrasca Lidelse.Dedos Gustav.Cazar Brand.Tempestad Axel.Calzas Lars.Azada Kare.Orilla Birgitta.Frente Felix.Balas,1
Elsa.Orilla,Axel.Calzas Elsa.Orilla Lars.Azada,1
Elsa.Orilla,Benito.Hawelon,2
Elsa.Orilla,Edvard.Vann,2
Elsa.Orilla,Elsa.Orilla Gustav.Cazar Kare.Orilla Vira.Frente Lars.Azada Adra.Nubarron Felix.Balas Axel.Calzas Marin.Onda Lidelse.Dedos Brand.Tempestad,3
Elsa.Orilla,Elsa.Orilla Lars.Azada Gustav.Cazar,2
Elsa.Orilla,Gustav.Cazar Brand.Tempestad Lars.Azada Marin.Onda Birgitta.Frente Adra.Nubarron Kare.Orilla Axel.Calzas Elsa.Orilla Lidelse.Dedos Vira.Frente,2
Elsa.Orilla,Gustav.Cazar Kare.Orilla Adra.Nubarron Vira.Frente Felix.Balas Brand.Tempestad Elsa.Orilla Axel.Calzas Marin.Onda Isande.Borrasca Lidelse.Dedos Birgitta.Frente,1
Elsa.Orilla,Isande.Borrasca Brand.Tempestad Adra.Nubarron Marin.Onda Kare.Orilla Elsa.Orilla,1
Elsa.Orilla,Lidelse.Dedos,1
Elsa.Orilla,Marin.Onda Brand.Tempestad Elsa.Orilla Axel.Calzas Isande.Borrasca Birgitta.Frente Kare.Orilla,1
Elsa.Orilla,Rachel.Pantanal Lars.Azada Felix.Balas Isande.Borrasca Axel.Calzas Gustav.Cazar Lidelse.Dedos Birgitta.Frente Vira.Frente Adra.Nubarron Marin.Onda Kare.Orilla Elsa.Orilla Brand.Tempestad Ingrid.Barranco Ada.Campo-Corrente Sten.Sanjorge Jr. Orhan.Strum Willem.Vasco-Pais Bertrand.Ovan Albina.Hafon Benito.Hawelon Claudio.Hawelon Henk.Mies Valeria.Morlun Adan.Morlun Cecilia.Morluniau Irene.Nant Dylan.Scozzese Lucas.Alcazar Isak.Baza Linnea.Bergen Nils.Calixto Sven.Flecha Hideki.Cocinaro Inga.Ferro Loreto.Bodrogi Isia.Vann Stenig.Fusil Hennie.Osvaldo Kanon.Herrero Varja.Lagos Minke.Mies Felix.Resumir Edvard.Vann Emile.Arpa Varro.Awelon Mat.Bramar Dante.Coginian Carla.Forluniau Linda.Lagos Cornelia.Lais Ruscella.Mies.Haber Anda.Ribera,2
Emile.Arpa,Albina.Hafon Valeria.Morlun Henk.Mies Adan.Morlun Dylan.Scozzese,1
Emile.Arpa,Cecilia.Morluniau Claudio.Hawelon Adan.Morlun Varro.Awelon Albina.Hafon Valeria.Morlun,1
Emile.Arpa,Dante.Coginian Emile.Arpa Cecilia.Morluniau Benito.Hawelon Adan.Morlun Irene.Nant Varro.Awelon Claudio.Hawelon Dylan.Scozzese,1
Emile.Arpa,Dylan.Scozzese Claudio.Hawelon Emile.Arpa Irene.Nant,1
Emile.Arpa,Henk.Mies Albina.Hafon Dante.Coginian Benito.Hawelon Varro.Awelon Bertrand.Ovan Claudio.Hawelon Emile.Arpa Valeria.Morlun Adan.Morlun,1
Emile.Arpa,Lucas.Alcazar,2
Emile.Arpa,Marin.Onda,2
Emile.Arpa,Rachel.Pantanal Lars.Azada Felix.Balas Isande.Borrasca Axel.Calzas Gustav.Cazar Lidelse.Dedos Birgitta.Frente Vira.Frente Adra.Nubarron Marin.Onda Kare.Orilla Elsa.Orilla Brand.Tempestad Ingrid.Barranco Ada.Campo-Corrente Sten.Sanjorge Jr. Orhan.Strum Willem.Vasco-Pais Bertrand.Ovan Albina.Hafon Benito.Hawelon Claudio.Hawelon Henk.Mies Valeria.Morlun Adan.Morlun Cecilia.Morluniau Irene.Nant Dylan.Scozzese Lucas.Alcazar Isak.Baza Linnea.Bergen Nils.Calixto Sven.Flecha Hideki.Cocinaro Inga.Ferro Loreto.Bodrogi Isia.Vann Stenig.Fusil Hennie.Osvaldo Kanon.Herrero Varja.Lagos Minke.Mies Felix.Resumir Edvard.Vann Emile.Arpa Varro.Awelon Mat.Bramar Dante.Coginian Carla.Forluniau Linda.Lagos Cornelia.Lais Ruscella.Mies.Haber Anda.Ribera,1
Emile.Arpa,Valeria.Morlun Adan.Morlun Emile.Arpa Claudio.Hawelon,1
Emile.Arpa,Varro.Awelon Albina.Hafon Henk.Mies Adan.Morlun Emile.Arpa Irene.Nant Benito.Hawelon Dante.Coginian Dylan.Scozzese Claudio.Hawelon Valeria.Morlun,1
Felix.Balas,Adra.Nubarron Isande.Borrasca Felix.Balas Lars.Azada Marin.Onda Elsa.Orilla Kare.Orilla Birgitta.Frente Brand.Tempestad Vira.Frente,1
Felix.Balas,Adra.Nubarron Lars.Azada Axel.Calzas Lidelse.Dedos,1
Felix.Balas,Birgitta.Frente Lars.Azada Felix.Balas,3
Felix.Balas,Carla.Forluniau,2
Felix.Balas,Elsa.Orilla Isande.Borrasca Birgitta.Frente Gustav.Cazar Felix.Balas Marin.Onda Lars.Azada Vira.Frente Axel.Calzas Kare.Orilla Adra.Nubarron Brand.Tempestad,1
Felix.Balas,Gustav.Cazar Brand.Tempestad Lars.Azada Marin.Onda Birgitta.Frente Adra.Nubarron Kare.Orilla Axel.Calzas Elsa.Orilla Lidelse.Dedos Vira.Frente,1
Felix.Balas,Gustav.Cazar Felix.Balas Brand.Tempestad Axel.Calzas,1
Felix.Balas,Hennie.Osvaldo,1
Felix.Balas,Isande.Borrasca Brand.Tempestad Adra.Nubarron Marin.Onda Kare.Orilla Elsa.Orilla,1
Felix.Balas,Isande.Borrasca Lidelse.Dedos,1
Felix.Balas,Marin.Onda Felix.Balas Brand.Tempestad Lidelse.Dedos Kare.Orilla Adra.Nubarron Isande.Borrasca,2
Felix.Balas,Varja.Lagos,1
Felix.Balas,Vira.Frente Felix.Balas Axel.Calzas,1
Felix.Resumir,Ada.Campo-Corrente,2
Felix.Resumir,Benito.Hawelon,2
Felix.Resumir,Dante.Coginian,2
Felix.Resumir,Felix.Resumir Hideki.Cocinaro Inga.Ferro Varja.Lagos Kanon.Herrero Stenig.Fusil Hennie.Osvaldo Isia.Vann Edvard.Vann Loreto.Bodrogi,1
Felix.Resumir,Hideki.Cocinaro Varja.Lagos Loreto.Bodrogi Edvard.Vann Stenig.Fusil Hennie.Osvaldo Felix.Resumir Minke.Mies,1
Felix.Resumir,Kanon.Herrero Minke.Mies Hennie.Osvaldo Inga.Ferro Edvard.Vann Felix.Resumir,1
Felix.Resumir,Rachel.Pantanal Lars.Azada Felix.Balas Isande.Borrasca Axel.Calzas Gustav.Cazar Lidelse.Dedos Birgitta.Frente Vira.Frente Adra.Nubarron Marin.Onda Kare.Orilla Elsa.Orilla Brand.Tempestad Ingrid.Barranco Ada.Campo-Corrente Sten.Sanjorge Jr. Orhan.Strum Willem.Vasco-Pais Bertrand.Ovan Albina.Hafon Benito.Hawelon Claudio.Hawelon Henk.Mies Valeria.Morlun Adan.Morlun Cecilia.Morluniau Irene.Nant Dylan.Scozzese Lucas.Alcazar Isak.Baza Linnea.Bergen Nils.Calixto Sven.Flecha Hideki.Cocinaro Inga.Ferro Loreto.Bodrogi Isia.Vann Stenig.Fusil Hennie.Osvaldo Kanon.Herrero Varja.Lagos Minke.Mies Felix.Resumir Edvard.Vann Emile.Arpa Varro.Awelon Mat.Bramar Dante.Coginian Carla.Forluniau Linda.Lagos Cornelia.Lais Ruscella.Mies.Haber Anda.Ribera,2
From,To,1
Gustav.Cazar,Anda.Ribera,1
Gustav.Cazar,Elsa.Orilla Gustav.Cazar Kare.Orilla Vira.Frente Lars.Azada Adra.Nubarron Felix.Balas Axel.Calzas Marin.Onda Lidelse.Dedos Brand.Tempestad,1
Gustav.Cazar,Elsa.Orilla Kare.Orilla Isande.Borrasca Birgitta.Frente Gustav.Cazar Lars.Azada Lidelse.Dedos,1
Gustav.Cazar,Elsa.Orilla Lars.Azada Gustav.Cazar,4
Gustav.Cazar,Gustav.Cazar Brand.Tempestad Lars.Azada Marin.Onda Birgitta.Frente Adra.Nubarron Kare.Orilla Axel.Calzas Elsa.Orilla Lidelse.Dedos Vira.Frente,1
Gustav.Cazar,Isande.Borrasca Gustav.Cazar Lars.Azada Lidelse.Dedos Axel.Calzas Felix.Balas,2
Gustav.Cazar,Marin.Onda Brand.Tempestad Elsa.Orilla Axel.Calzas Isande.Borrasca Birgitta.Frente Kare.Orilla,1
Gustav.Cazar,Orhan.Strum,3
Gustav.Cazar,Rachel.Pantanal Lars.Azada Felix.Balas Isande.Borrasca Axel.Calzas Gustav.Cazar Lidelse.Dedos Birgitta.Frente Vira.Frente Adra.Nubarron Marin.Onda Kare.Orilla Elsa.Orilla Brand.Tempestad Ingrid.Barranco Ada.Campo-Corrente Sten.Sanjorge Jr. Orhan.Strum Willem.Vasco-Pais Bertrand.Ovan Albina.Hafon Benito.Hawelon Claudio.Hawelon Henk.Mies Valeria.Morlun Adan.Morlun Cecilia.Morluniau Irene.Nant Dylan.Scozzese Lucas.Alcazar Isak.Baza Linnea.Bergen Nils.Calixto Sven.Flecha Hideki.Cocinaro Inga.Ferro Loreto.Bodrogi Isia.Vann Stenig.Fusil Hennie.Osvaldo Kanon.Herrero Varja.Lagos Minke.Mies Felix.Resumir Edvard.Vann Emile.Arpa Varro.Awelon Mat.Bramar Dante.Coginian Carla.Forluniau Linda.Lagos Cornelia.Lais Ruscella.Mies.Haber Anda.Ribera,1
Gustav.Cazar,Vira.Frente Axel.Calzas,1
Gustav.Cazar,Vira.Frente Axel.Calzas Lidelse.Dedos Adra.Nubarron Brand.Tempestad Isande.Borrasca,1
Henk.Mies,Adan.Morlun Benito.Hawelon Bertrand.Ovan Varro.Awelon Emile.Arpa Dylan.Scozzese Cecilia.Morluniau Henk.Mies Valeria.Morlun Dante.Coginian Irene.Nant Albina.Hafon,2
Henk.Mies,Adan.Morlun Claudio.Hawelon Dylan.Scozzese Albina.Hafon Irene.Nant Henk.Mies Benito.Hawelon,1
Henk.Mies,Adan.Morlun Henk.Mies Benito.Hawelon,5
Henk.Mies,Adan.Morlun Valeria.Morlun Henk.Mies Albina.Hafon Dylan.Scozzese,2
Henk.Mies,Albina.Hafon Claudio.Hawelon Dylan.Scozzese Valeria.Morlun Cecilia.Morluniau Benito.Hawelon Irene.Nant Dante.Coginian Henk.Mies Emile.Arpa Varro.Awelon,1
Henk.Mies,Albina.Hafon Dylan.Scozzese Henk.Mies Claudio.Hawelon Cecilia.Morluniau Valeria.Morlun Irene.Nant,1
Henk.Mies,Albina.Hafon Valeria.Morlun Adan.Morlun Irene.Nant Dante.Coginian Emile.Arpa Cecilia.Morluniau Benito.Hawelon Henk.Mies,1
Henk.Mies,Albina.Hafon Valeria.Morlun Cecilia.Morluniau Henk.Mies Dylan.Scozzese Benito.Hawelon,1
Henk.Mies,Anda.Ribera,2
Henk.Mies,Benito.Hawelon Albina.Hafon Dylan.Scozzese Henk.Mies Valeria.Morlun,1
Henk.Mies,Benito.Hawelon Henk.Mies Cecilia.Morluniau Irene.Nant Adan.Morlun Claudio.Hawelon,1
Henk.Mies,Cecilia.Morluniau Claudio.Hawelon Emile.Arpa Valeria.Morlun Dylan.Scozzese Varro.Awelon Albina.Hafon Benito.Hawelon Irene.Nant Dante.Coginian,1
Henk.Mies,Cecilia.Morluniau Henk.Mies Adan.Morlun Emile.Arpa Irene.Nant Claudio.Hawelon Benito.Hawelon Dante.Coginian Dylan.Scozzese Albina.Hafon,1
Henk.Mies,Claudio.Hawelon Albina.Hafon Dylan.Scozzese Irene.Nant Varro.Awelon Benito.Hawelon Dante.Coginian,1
Henk.Mies,Claudio.Hawelon Benito.Hawelon Cecilia.Morluniau Emile.Arpa Henk.Mies Varro.Awelon,1
Henk.Mies,Claudio.Hawelon Cecilia.Morluniau Benito.Hawelon Emile.Arpa Adan.Morlun Valeria.Morlun Dante.Coginian Henk.Mies Varro.Awelon Dylan.Scozzese Albina.Hafon Irene.Nant,1
Henk.Mies,Dante.Coginian Emile.Arpa Varro.Awelon Cecilia.Morluniau Dylan.Scozzese Henk.Mies Claudio.Hawelon Irene.Nant,1
Henk.Mies,Dylan.Scozzese Varro.Awelon Emile.Arpa,1
Henk.Mies,Edvard.Vann,1
Henk.Mies,Henk.Mies Albina.Hafon,1
Henk.Mies,Henk.Mies Benito.Hawelon Cecilia.Morluniau Claudio.Hawelon Valeria.Morlun Albina.Hafon Irene.Nant,1
Henk.Mies,Henk.Mies Dante.Coginian,1
Henk.Mies,Henk.Mies Valeria.Morlun Dante.Coginian Claudio.Hawelon Albina.Hafon Dylan.Scozzese Adan.Morlun,1
Henk.Mies,Inga.Ferro,3
Henk.Mies,Irene.Nant Adan.Morlun Valeria.Morlun Emile.Arpa Varro.Awelon Benito.Hawelon Henk.Mies Bertrand.Ovan Claudio.Hawelon,1
Henk.Mies,Sten.Sanjorge Jr.,2
Henk.Mies,Valeria.Morlun Benito.Hawelon Albina.Hafon Adan.Morlun Dante.Coginian Emile.Arpa Varro.Awelon Claudio.Hawelon Cecilia.Morluniau,1
Henk.Mies,Valeria.Morlun Emile.Arpa Adan.Morlun Dylan.Scozzese Irene.Nant Bertrand.Ovan Cecilia.Morluniau Claudio.Hawelon Dante.Coginian Henk.Mies Benito.Hawelon Albina.Hafon,2
Hennie.Osvaldo,Felix.Balas,1
Hennie.Osvaldo,Hennie.Osvaldo Isia.Vann,2
Hennie.Osvaldo,Hideki.Cocinaro Varja.Lagos Loreto.Bodrogi Edvard.Vann Stenig.Fusil Hennie.Osvaldo Felix.Resumir Minke.Mies,1
Hennie.Osvaldo,Inga.Ferro Loreto.Bodrogi Isia.Vann Hennie.Osvaldo Minke.Mies Ruscella.Mies.Haber,2
Hennie.Osvaldo,Kanon.Herrero,1
Hennie.Osvaldo,Kanon.Herrero Stenig.Fusil Inga.Ferro Hideki.Cocinaro Hennie.Osvaldo Felix.Resumir Isia.Vann,1
Hennie.Osvaldo,Minke.Mies Isia.Vann Hideki.Cocinaro Felix.Resumir Loreto.Bodrogi Kanon.Herrero Stenig.Fusil Varja.Lagos,1
Hennie.Osvaldo,Rachel.Pantanal,2
Hennie.Osvaldo,Rachel.Pantanal Lars.Azada Felix.Balas Isande.Borrasca Axel.Calzas Gustav.Cazar Lidelse.Dedos Birgitta.Frente Vira.Frente Adra.Nubarron Marin.Onda Kare.Orilla Elsa.Orilla Brand.Tempestad Ingrid.Barranco Ada.Campo-Corrente Sten.Sanjorge Jr. Orhan.Strum Willem.Vasco-Pais Bertrand.Ovan Albina.Hafon Benito.Hawelon Claudio.Hawelon Henk.Mies Valeria.Morlun Adan.Morlun Cecilia.Morluniau Irene.Nant Dylan.Scozzese Lucas.Alcazar Isak.Baza Linnea.Bergen Nils.Calixto Sven.Flecha Hideki.Cocinaro Inga.Ferro Loreto.Bodrogi Isia.Vann Stenig.Fusil Hennie.Osvaldo Kanon.Herrero Varja.Lagos Minke.Mies Felix.Resumir Edvard.Vann Emile.Arpa Varro.Awelon Mat.Bramar Dante.Coginian Carla.Forluniau Linda.Lagos Cornelia.Lais Ruscella.Mies.Haber Anda.Ribera,3
Hideki.Cocinaro,Cornelia.Lais,2
Hideki.Cocinaro,Dante.Coginian,3
Hideki.Cocinaro,Hideki.Cocinaro Varja.Lagos Isia.Vann,1
Hideki.Cocinaro,Inga.Ferro Hennie.Osvaldo Varja.Lagos Minke.Mies Hideki.Cocinaro Edvard.Vann Stenig.Fusil Isia.Vann,2
Hideki.Cocinaro,Isande.Borrasca,1
Hideki.Cocinaro,Kanon.Herrero Stenig.Fusil Inga.Ferro Hideki.Cocinaro Hennie.Osvaldo Felix.Resumir Isia.Vann,1
Hideki.Cocinaro,Rachel.Pantanal Lars.Azada Felix.Balas Isande.Borrasca Axel.Calzas Gustav.Cazar Lidelse.Dedos Birgitta.Frente Vira.Frente Adra.Nubarron Marin.Onda Kare.Orilla Elsa.Orilla Brand.Tempestad Ingrid.Barranco Ada.Campo-Corrente Sten.Sanjorge Jr. Orhan.Strum Willem.Vasco-Pais Bertrand.Ovan Albina.Hafon Benito.Hawelon Claudio.Hawelon Henk.Mies Valeria.Morlun Adan.Morlun Cecilia.Morluniau Irene.Nant Dylan.Scozzese Lucas.Alcazar Isak.Baza Linnea.Bergen Nils.Calixto Sven.Flecha Hideki.Cocinaro Inga.Ferro Loreto.Bodrogi Isia.Vann Stenig.Fusil Hennie.Osvaldo Kanon.Herrero Varja.Lagos Minke.Mies Felix.Resumir Edvard.Vann Emile.Arpa Varro.Awelon Mat.Bramar Dante.Coginian Carla.Forluniau Linda.Lagos Cornelia.Lais Ruscella.Mies.Haber Anda.Ribera,1
Inga.Ferro,Henk.Mies,3
Inga.Ferro,Hennie.Osvaldo Loreto.Bodrogi Varja.Lagos Inga.Ferro Kanon.Herrero Hideki.Cocinaro Minke.Mies,1
Inga.Ferro,Inga.Ferro Loreto.Bodrogi Isia.Vann Hennie.Osvaldo Minke.Mies,2
Inga.Ferro,Inga.Ferro Loreto.Bodrogi Isia.Vann Hennie.Osvaldo Minke.Mies Ruscella.Mies.Haber,2
Inga.Ferro,Kanon.Herrero Hennie.Osvaldo Inga.Ferro Felix.Resumir Edvard.Vann Loreto.Bodrogi Minke.Mies Isia.Vann Varja.Lagos,1
Inga.Ferro,Minke.Mies,3
Inga.Ferro,Rachel.Pantanal Lars.Azada Felix.Balas Isande.Borrasca Axel.Calzas Gustav.Cazar Lidelse.Dedos Birgitta.Frente Vira.Frente Adra.Nubarron Marin.Onda Kare.Orilla Elsa.Orilla Brand.Tempestad Ingrid.Barranco Ada.Campo-Corrente Sten.Sanjorge Jr. Orhan.Strum Willem.Vasco-Pais Bertrand.Ovan Albina.Hafon Benito.Hawelon Claudio.Hawelon Henk.Mies Valeria.Morlun Adan.Morlun Cecilia.Morluniau Irene.Nant Dylan.Scozzese Lucas.Alcazar Isak.Baza Linnea.Bergen Nils.Calixto Sven.Flecha Hideki.Cocinaro Inga.Ferro Loreto.Bodrogi Isia.Vann Stenig.Fusil Hennie.Osvaldo Kanon.Herrero Varja.Lagos Minke.Mies Felix.Resumir Edvard.Vann Emile.Arpa Varro.Awelon Mat.Bramar Dante.Coginian Carla.Forluniau Linda.Lagos Cornelia.Lais Ruscella.Mies.Haber Anda.Ribera,2
Inga.Ferro,Stenig.Fusil,1
Inga.Ferro,Willem.Vasco-Pais,2
Ingrid.Barranco,Ada.Campo-Corrente Ingrid.Barranco,2
Ingrid.Barranco,Ada.Campo-Corrente Ingrid.Barranco Sten.Sanjorge Jr.,3
Ingrid.Barranco,Ada.Campo-Corrente Orhan.Strum Willem.Vasco-Pais Ingrid.Barranco,1
Ingrid.Barranco,Cecilia.Morluniau,1
Ingrid.Barranco,Ingrid.Barranco Ada.Campo-Corrente,1
Ingrid.Barranco,Ingrid.Barranco Ada.Campo-Corrente Orhan.Strum,4
Ingrid.Barranco,Ingrid.Barranco Ada.Campo-Corrente Sten.Sanjorge Jr. Willem.Vasco-Pais,1
Ingrid.Barranco,Kare.Orilla,2
Ingrid.Barranco,Loreto.Bodrogi,2
Ingrid.Barranco,Rachel.Pantanal Lars.Azada Felix.Balas Isande.Borrasca Axel.Calzas Gustav.Cazar Lidelse.Dedos Birgitta.Frente Vira.Frente Adra.Nubarron Marin.Onda Kare.Orilla Elsa.Orilla Brand.Tempestad Ingrid.Barranco Ada.Campo-Corrente Sten.Sanjorge Jr. Orhan.Strum Willem.Vasco-Pais Bertrand.Ovan Albina.Hafon Benito.Hawelon Claudio.Hawelon Henk.Mies Valeria.Morlun Adan.Morlun Cecilia.Morluniau Irene.Nant Dylan.Scozzese Lucas.Alcazar Isak.Baza Linnea.Bergen Nils.Calixto Sven.Flecha Hideki.Cocinaro Inga.Ferro Loreto.Bodrogi Isia.Vann Stenig.Fusil Hennie.Osvaldo Kanon.Herrero Varja.Lagos Minke.Mies Felix.Resumir Edvard.Vann Emile.Arpa Varro.Awelon Mat.Bramar Dante.Coginian Carla.Forluniau Linda.Lagos Cornelia.Lais Ruscella.Mies.Haber Anda.Ribera,5
Ingrid.Barranco,Sten.Sanjorge Jr. Ada.Campo-Corrente Ingrid.Barranco,1
Ingrid.Barranco,Sten.Sanjorge Jr. Willem.Vasco-Pais Ada.Campo-Corrente Orhan.Strum,1
Irene.Nant,Benito.Hawelon Claudio.Hawelon Cecilia.Morluniau Dylan.Scozzese Emile.Arpa Dante.Coginian Adan.Morlun Varro.Awelon Irene.Nant,1
Irene.Nant,Benito.Hawelon Henk.Mies Cecilia.Morluniau Irene.Nant Adan.Morlun Claudio.Hawelon,1
Irene.Nant,Bertrand.Ovan Albina.Hafon Henk.Mies Dylan.Scozzese Cecilia.Morluniau Irene.Nant Adan.Morlun,1
Irene.Nant,Bertrand.Ovan Varro.Awelon Dante.Coginian Adan.Morlun Albina.Hafon Claudio.Hawelon Cecilia.Morluniau Irene.Nant Henk.Mies,2
Irene.Nant,Cecilia.Morluniau Benito.Hawelon Albina.Hafon Adan.Morlun Claudio.Hawelon Valeria.Morlun Irene.Nant,1
Irene.Nant,Cecilia.Morluniau Claudio.Hawelon Albina.Hafon,1
Irene.Nant,Claudio.Hawelon Albina.Hafon Dylan.Scozzese Irene.Nant Varro.Awelon Benito.Hawelon Dante.Coginian,1
Irene.Nant,Dylan.Scozzese Claudio.Hawelon Emile.Arpa Irene.Nant,1
Irene.Nant,Dylan.Scozzese Henk.Mies Benito.Hawelon Irene.Nant Emile.Arpa Dante.Coginian Albina.Hafon Valeria.Morlun Adan.Morlun Claudio.Hawelon,1
Irene.Nant,Irene.Nant Cecilia.Morluniau Dylan.Scozzese,2
Irene.Nant,Irene.Nant Dylan.Scozzese Adan.Morlun Dante.Coginian Emile.Arpa,1
Irene.Nant,Orhan.Strum,2
Irene.Nant,Rachel.Pantanal Lars.Azada Felix.Balas Isande.Borrasca Axel.Calzas Gustav.Cazar Lidelse.Dedos Birgitta.Frente Vira.Frente Adra.Nubarron Marin.Onda Kare.Orilla Elsa.Orilla Brand.Tempestad Ingrid.Barranco Ada.Campo-Corrente Sten.Sanjorge Jr. Orhan.Strum Willem.Vasco-Pais Bertrand.Ovan Albina.Hafon Benito.Hawelon Claudio.Hawelon Henk.Mies Valeria.Morlun Adan.Morlun Cecilia.Morluniau Irene.Nant Dylan.Scozzese Lucas.Alcazar Isak.Baza Linnea.Bergen Nils.Calixto Sven.Flecha Hideki.Cocinaro Inga.Ferro Loreto.Bodrogi Isia.Vann Stenig.Fusil Hennie.Osvaldo Kanon.Herrero Varja.Lagos Minke.Mies Felix.Resumir Edvard.Vann Emile.Arpa Varro.Awelon Mat.Bramar Dante.Coginian Carla.Forluniau Linda.Lagos Cornelia.Lais Ruscella.Mies.Haber Anda.Ribera,1
Isak.Baza,Birgitta.Frente,2
Isak.Baza,Isak.Baza Lucas.Alcazar,5
Isak.Baza,Isak.Baza Lucas.Alcazar Sven.Flecha,3
Isak.Baza,Isak.Baza Nils.Calixto,2
Isak.Baza,Isak.Baza Nils.Calixto Sven.Flecha,1
Isak.Baza,Isak.Baza Sven.Flecha,4
Isak.Baza,Isak.Baza Sven.Flecha Nils.Calixto,1
Isak.Baza,Lucas.Alcazar Isak.Baza,1
Isak.Baza,Lucas.Alcazar Isak.Baza Nils.Calixto,5
Isak.Baza,Lucas.Alcazar Isak.Baza Nils.Calixto Sven.Flecha,8
Isak.Baza,Lucas.Alcazar Nils.Calixto,1
Isak.Baza,Lucas.Alcazar Sven.Flecha Isak.Baza,4
Isak.Baza,Lucas.Alcazar Sven.Flecha Nils.Calixto,1
Isak.Baza,Nils.Calixto Isak.Baza,1
Isak.Baza,Nils.Calixto Isak.Baza Sven.Flecha,3
Isak.Baza,Rachel.Pantanal Lars.Azada Felix.Balas Isande.Borrasca Axel.Calzas Gustav.Cazar Lidelse.Dedos Birgitta.Frente Vira.Frente Adra.Nubarron Marin.Onda Kare.Orilla Elsa.Orilla Brand.Tempestad Ingrid.Barranco Ada.Campo-Corrente Sten.Sanjorge Jr. Orhan.Strum Willem.Vasco-Pais Bertrand.Ovan Albina.Hafon Benito.Hawelon Claudio.Hawelon Henk.Mies Valeria.Morlun Adan.Morlun Cecilia.Morluniau Irene.Nant Dylan.Scozzese Lucas.Alcazar Isak.Baza Linnea.Bergen Nils.Calixto Sven.Flecha Hideki.Cocinaro Inga.Ferro Loreto.Bodrogi Isia.Vann Stenig.Fusil Hennie.Osvaldo Kanon.Herrero Varja.Lagos Minke.Mies Felix.Resumir Edvard.Vann Emile.Arpa Varro.Awelon Mat.Bramar Dante.Coginian Carla.Forluniau Linda.Lagos Cornelia.Lais Ruscella.Mies.Haber Anda.Ribera,2
Isak.Baza,Sven.Flecha Isak.Baza,2
Isak.Baza,Sven.Flecha Isak.Baza Nils.Calixto,1
Isak.Baza,Sven.Flecha Lucas.Alcazar Isak.Baza,3
Isande.Borrasca,Axel.Calzas Kare.Orilla Elsa.Orilla,1
Isande.Borrasca,Birgitta.Frente Isande.Borrasca Lars.Azada Marin.Onda Kare.Orilla Gustav.Cazar Axel.Calzas Felix.Balas Vira.Frente,1
Isande.Borrasca,Elsa.Orilla Kare.Orilla Isande.Borrasca Birgitta.Frente Gustav.Cazar Lars.Azada Lidelse.Dedos,1
Isande.Borrasca,Elsa.Orilla Vira.Frente Kare.Orilla Isande.Borrasca Gustav.Cazar Birgitta.Frente Brand.Tempestad Lars.Azada Marin.Onda Axel.Calzas,1
Isande.Borrasca,Hideki.Cocinaro,1
Isande.Borrasca,Isande.Borrasca Gustav.Cazar Lars.Azada Lidelse.Dedos Axel.Calzas Felix.Balas,1
Isande.Borrasca,Isande.Borrasca Lars.Azada Kare.Orilla Marin.Onda Elsa.Orilla Axel.Calzas Brand.Tempestad Vira.Frente,2
Isande.Borrasca,Marin.Onda Brand.Tempestad Elsa.Orilla Axel.Calzas Isande.Borrasca Birgitta.Frente Kare.Orilla,2
Isande.Borrasca,Marin.Onda Felix.Balas Brand.Tempestad Lidelse.Dedos Kare.Orilla Adra.Nubarron Isande.Borrasca,2
Isande.Borrasca,Rachel.Pantanal Lars.Azada Felix.Balas Isande.Borrasca Axel.Calzas Gustav.Cazar Lidelse.Dedos Birgitta.Frente Vira.Frente Adra.Nubarron Marin.Onda Kare.Orilla Elsa.Orilla Brand.Tempestad Ingrid.Barranco Ada.Campo-Corrente Sten.Sanjorge Jr. Orhan.Strum Willem.Vasco-Pais Bertrand.Ovan Albina.Hafon Benito.Hawelon Claudio.Hawelon Henk.Mies Valeria.Morlun Adan.Morlun Cecilia.Morluniau Irene.Nant Dylan.Scozzese Lucas.Alcazar Isak.Baza Linnea.Bergen Nils.Calixto Sven.Flecha Hideki.Cocinaro Inga.Ferro Loreto.Bodrogi Isia.Vann Stenig.Fusil Hennie.Osvaldo Kanon.Herrero Varja.Lagos Minke.Mies Felix.Resumir Edvard.Vann Emile.Arpa Varro.Awelon Mat.Bramar Dante.Coginian Carla.Forluniau Linda.Lagos Cornelia.Lais Ruscella.Mies.Haber Anda.Ribera,2
Isande.Borrasca,Vira.Frente Felix.Balas Axel.Calzas,1
Isia.Vann,Claudio.Hawelon,4
Isia.Vann,Hennie.Osvaldo Isia.Vann,2
Isia.Vann,Hideki.Cocinaro Varja.Lagos Isia.Vann,1
Isia.Vann,Inga.Ferro Hennie.Osvaldo Varja.Lagos Minke.Mies Hideki.Cocinaro Edvard.Vann Stenig.Fusil Isia.Vann,1
Isia.Vann,Inga.Ferro Loreto.Bodrogi Isia.Vann Hennie.Osvaldo Minke.Mies,1
Isia.Vann,Loreto.Bodrogi Isia.Vann Edvard.Vann Hideki.Cocinaro,2
Isia.Vann,Rachel.Pantanal,9
Isia.Vann,Stenig.Fusil Varja.Lagos Kanon.Herrero,1
Kanon.Herrero,Felix.Resumir Hideki.Cocinaro Inga.Ferro Varja.Lagos Kanon.Herrero Stenig.Fusil Hennie.Osvaldo Isia.Vann Edvard.Vann Loreto.Bodrogi,1
Kanon.Herrero,Hennie.Osvaldo,1
Kanon.Herrero,Hennie.Osvaldo Loreto.Bodrogi Varja.Lagos Inga.Ferro Kanon.Herrero Hideki.Cocinaro Minke.Mies,1
Kanon.Herrero,Irene.Nant,1
Kanon.Herrero,Kanon.Herrero Hennie.Osvaldo Inga.Ferro Felix.Resumir Edvard.Vann Loreto.Bodrogi Minke.Mies Isia.Vann Varja.Lagos,1
Kanon.Herrero,Kanon.Herrero Minke.Mies Hennie.Osvaldo Inga.Ferro Edvard.Vann Felix.Resumir,3
Kanon.Herrero,Nils.Calixto,3
Kanon.Herrero,Rachel.Pantanal Lars.Azada Felix.Balas Isande.Borrasca Axel.Calzas Gustav.Cazar Lidelse.Dedos Birgitta.Frente Vira.Frente Adra.Nubarron Marin.Onda Kare.Orilla Elsa.Orilla Brand.Tempestad Ingrid.Barranco Ada.Campo-Corrente Sten.Sanjorge Jr. Orhan.Strum Willem.Vasco-Pais Bertrand.Ovan Albina.Hafon Benito.Hawelon Claudio.Hawelon Henk.Mies Valeria.Morlun Adan.Morlun Cecilia.Morluniau Irene.Nant Dylan.Scozzese Lucas.Alcazar Isak.Baza Linnea.Bergen Nils.Calixto Sven.Flecha Hideki.Cocinaro Inga.Ferro Loreto.Bodrogi Isia.Vann Stenig.Fusil Hennie.Osvaldo Kanon.Herrero Varja.Lagos Minke.Mies Felix.Resumir Edvard.Vann Emile.Arpa Varro.Awelon Mat.Bramar Dante.Coginian Carla.Forluniau Linda.Lagos Cornelia.Lais Ruscella.Mies.Haber Anda.Ribera,1
Kanon.Herrero,Stenig.Fusil Varja.Lagos Kanon.Herrero,1
Kare.Orilla,Benito.Hawelon,1
Kare.Orilla,Elsa.Orilla Gustav.Cazar Kare.Orilla Vira.Frente Lars.Azada Adra.Nubarron Felix.Balas Axel.Calzas Marin.Onda Lidelse.Dedos Brand.Tempestad,1
Kare.Orilla,Gustav.Cazar Brand.Tempestad Lars.Azada Marin.Onda Birgitta.Frente Adra.Nubarron Kare.Orilla Axel.Calzas Elsa.Orilla Lidelse.Dedos Vira.Frente,1
Kare.Orilla,Gustav.Cazar Felix.Balas Brand.Tempestad Axel.Calzas,1
Kare.Orilla,Inga.Ferro,1
Kare.Orilla,Ingrid.Barranco,1
Kare.Orilla,Isande.Borrasca Brand.Tempestad Adra.Nubarron Marin.Onda Kare.Orilla Elsa.Orilla,3
Kare.Orilla,Isande.Borrasca Lars.Azada Kare.Orilla Marin.Onda Elsa.Orilla Axel.Calzas Brand.Tempestad Vira.Frente,1
Kare.Orilla,Lidelse.Dedos,3
Kare.Orilla,Marin.Onda Brand.Tempestad Elsa.Orilla Axel.Calzas Isande.Borrasca Birgitta.Frente Kare.Orilla,1
Kare.Orilla,Marin.Onda Felix.Balas Brand.Tempestad Lidelse.Dedos Kare.Orilla Adra.Nubarron Isande.Borrasca,2
Lars.Azada,Adra.Nubarron Isande.Borrasca Felix.Balas Lars.Azada Marin.Onda Elsa.Orilla Kare.Orilla Birgitta.Frente Brand.Tempestad Vira.Frente,2
Lars.Azada,Adra.Nubarron Lars.Azada Axel.Calzas Lidelse.Dedos,5
Lars.Azada,Anda.Ribera,2
Lars.Azada,Axel.Calzas,1
Lars.Azada,Axel.Calzas Elsa.Orilla Lars.Azada,2
Lars.Azada,Axel.Calzas Vira.Frente Lidelse.Dedos Elsa.Orilla,1
Lars.Azada,Birgitta.Frente Lars.Azada Felix.Balas,2
Lars.Azada,Brand.Tempestad Lidelse.Dedos Lars.Azada,2
Lars.Azada,Isande.Borrasca Lars.Azada Kare.Orilla Marin.Onda Elsa.Orilla Axel.Calzas Brand.Tempestad Vira.Frente,2
Lars.Azada,Lidelse.Dedos,1
Lars.Azada,Rachel.Pantanal Lars.Azada Felix.Balas Isande.Borrasca Axel.Calzas Gustav.Cazar Lidelse.Dedos Birgitta.Frente Vira.Frente Adra.Nubarron Marin.Onda Kare.Orilla Elsa.Orilla Brand.Tempestad Ingrid.Barranco Ada.Campo-Corrente Sten.Sanjorge Jr. Orhan.Strum Willem.Vasco-Pais Bertrand.Ovan Albina.Hafon Benito.Hawelon Claudio.Hawelon Henk.Mies Valeria.Morlun Adan.Morlun Cecilia.Morluniau Irene.Nant Dylan.Scozzese Lucas.Alcazar Isak.Baza Linnea.Bergen Nils.Calixto Sven.Flecha Hideki.Cocinaro Inga.Ferro Loreto.Bodrogi Isia.Vann Stenig.Fusil Hennie.Osvaldo Kanon.Herrero Varja.Lagos Minke.Mies Felix.Resumir Edvard.Vann Emile.Arpa Varro.Awelon Mat.Bramar Dante.Coginian Carla.Forluniau Linda.Lagos Cornelia.Lais Ruscella.Mies.Haber Anda.Ribera,2
Lars.Azada,Vira.Frente Marin.Onda Gustav.Cazar Birgitta.Frente Axel.Calzas Felix.Balas Lidelse.Dedos Brand.Tempestad Lars.Azada Adra.Nubarron Kare.Orilla,1
Lidelse.Dedos,Adra.Nubarron Lars.Azada Axel.Calzas Lidelse.Dedos,1
Lidelse.Dedos,Axel.Calzas Lidelse.Dedos,2
Lidelse.Dedos,Axel.Calzas Vira.Frente Lidelse.Dedos Elsa.Orilla,1
Lidelse.Dedos,Birgitta.Frente Isande.Borrasca Lars.Azada Marin.Onda Kare.Orilla Gustav.Cazar Axel.Calzas Felix.Balas Vira.Frente,1
Lidelse.Dedos,Brand.Tempestad Lidelse.Dedos Lars.Azada,1
Lidelse.Dedos,Elsa.Orilla,2
Lidelse.Dedos,Gustav.Cazar Brand.Tempestad Lars.Azada Marin.Onda Birgitta.Frente Adra.Nubarron Kare.Orilla Axel.Calzas Elsa.Orilla Lidelse.Dedos Vira.Frente,1
Lidelse.Dedos,Isande.Borrasca Lidelse.Dedos,2
Lidelse.Dedos,Kare.Orilla,3
Lidelse.Dedos,Lidelse.Dedos Elsa.Orilla Felix.Balas Birgitta.Frente Brand.Tempestad Adra.Nubarron,1
Lidelse.Dedos,Lidelse.Dedos Lars.Azada Vira.Frente Kare.Orilla,1
Lidelse.Dedos,Marin.Onda Felix.Balas Brand.Tempestad Lidelse.Dedos Kare.Orilla Adra.Nubarron Isande.Borrasca,2
Lidelse.Dedos,Vira.Frente Marin.Onda Gustav.Cazar Birgitta.Frente Axel.Calzas Felix.Balas Lidelse.Dedos Brand.Tempestad Lars.Azada Adra.Nubarron Kare.Orilla,2
Linda.Lagos,Mat.Bramar Anda.Ribera Rachel.Pantanal Linda.Lagos Ruscella.Mies.Haber Carla.Forluniau Cornelia.Lais,     18
Linda.Lagos,Vira.Frente,1
Linnea.Bergen,Axel.Calzas,1
Linnea.Bergen,Claudio.Hawelon,2
Linnea.Bergen,Inga.Ferro Loreto.Bodrogi Isia.Vann Hennie.Osvaldo Minke.Mies Ruscella.Mies.Haber,1
Linnea.Bergen,Lucas.Alcazar,1
Linnea.Bergen,Rachel.Pantanal Lars.Azada Felix.Balas Isande.Borrasca Axel.Calzas Gustav.Cazar Lidelse.Dedos Birgitta.Frente Vira.Frente Adra.Nubarron Marin.Onda Kare.Orilla Elsa.Orilla Brand.Tempestad Ingrid.Barranco Ada.Campo-Corrente Sten.Sanjorge Jr. Orhan.Strum Willem.Vasco-Pais Bertrand.Ovan Albina.Hafon Benito.Hawelon Claudio.Hawelon Henk.Mies Valeria.Morlun Adan.Morlun Cecilia.Morluniau Irene.Nant Dylan.Scozzese Lucas.Alcazar Isak.Baza Linnea.Bergen Nils.Calixto Sven.Flecha Hideki.Cocinaro Inga.Ferro Loreto.Bodrogi Isia.Vann Stenig.Fusil Hennie.Osvaldo Kanon.Herrero Varja.Lagos Minke.Mies Felix.Resumir Edvard.Vann Emile.Arpa Varro.Awelon Mat.Bramar Dante.Coginian Carla.Forluniau Linda.Lagos Cornelia.Lais Ruscella.Mies.Haber Anda.Ribera,2
Loreto.Bodrogi,Hennie.Osvaldo Loreto.Bodrogi Varja.Lagos Inga.Ferro Kanon.Herrero Hideki.Cocinaro Minke.Mies,1
Loreto.Bodrogi,Hideki.Cocinaro Varja.Lagos Isia.Vann,1
Loreto.Bodrogi,Inga.Ferro Loreto.Bodrogi Isia.Vann Hennie.Osvaldo Minke.Mies,1
Loreto.Bodrogi,Inga.Ferro Loreto.Bodrogi Isia.Vann Hennie.Osvaldo Minke.Mies Ruscella.Mies.Haber,1
Loreto.Bodrogi,Ingrid.Barranco,3
Loreto.Bodrogi,Isia.Vann Edvard.Vann Stenig.Fusil,1
Loreto.Bodrogi,Minke.Mies Stenig.Fusil Felix.Resumir Kanon.Herrero Loreto.Bodrogi Hennie.Osvaldo,1
Loreto.Bodrogi,Rachel.Pantanal Lars.Azada Felix.Balas Isande.Borrasca Axel.Calzas Gustav.Cazar Lidelse.Dedos Birgitta.Frente Vira.Frente Adra.Nubarron Marin.Onda Kare.Orilla Elsa.Orilla Brand.Tempestad Ingrid.Barranco Ada.Campo-Corrente Sten.Sanjorge Jr. Orhan.Strum Willem.Vasco-Pais Bertrand.Ovan Albina.Hafon Benito.Hawelon Claudio.Hawelon Henk.Mies Valeria.Morlun Adan.Morlun Cecilia.Morluniau Irene.Nant Dylan.Scozzese Lucas.Alcazar Isak.Baza Linnea.Bergen Nils.Calixto Sven.Flecha Hideki.Cocinaro Inga.Ferro Loreto.Bodrogi Isia.Vann Stenig.Fusil Hennie.Osvaldo Kanon.Herrero Varja.Lagos Minke.Mies Felix.Resumir Edvard.Vann Emile.Arpa Varro.Awelon Mat.Bramar Dante.Coginian Carla.Forluniau Linda.Lagos Cornelia.Lais Ruscella.Mies.Haber Anda.Ribera,1
Loreto.Bodrogi,Varja.Lagos Hennie.Osvaldo Loreto.Bodrogi Inga.Ferro,1
Lucas.Alcazar,Dante.Coginian,1
Lucas.Alcazar,Emile.Arpa,2
Lucas.Alcazar,Isak.Baza Lucas.Alcazar,9
Lucas.Alcazar,Isak.Baza Lucas.Alcazar Sven.Flecha,1
Lucas.Alcazar,Isak.Baza Sven.Flecha Nils.Calixto,1
Lucas.Alcazar,Linnea.Bergen,1
Lucas.Alcazar,Lucas.Alcazar Isak.Baza,6
Lucas.Alcazar,Lucas.Alcazar Isak.Baza Nils.Calixto,3
Lucas.Alcazar,Lucas.Alcazar Isak.Baza Nils.Calixto Sven.Flecha,5
Lucas.Alcazar,Lucas.Alcazar Nils.Calixto,3
Lucas.Alcazar,Lucas.Alcazar Sven.Flecha Isak.Baza,8
Lucas.Alcazar,Lucas.Alcazar Sven.Flecha Nils.Calixto,5
Lucas.Alcazar,Nils.Calixto Lucas.Alcazar,2
Lucas.Alcazar,Nils.Calixto Lucas.Alcazar Sven.Flecha,1
Lucas.Alcazar,Nils.Calixto Sven.Flecha,1
Lucas.Alcazar,Rachel.Pantanal Lars.Azada Felix.Balas Isande.Borrasca Axel.Calzas Gustav.Cazar Lidelse.Dedos Birgitta.Frente Vira.Frente Adra.Nubarron Marin.Onda Kare.Orilla Elsa.Orilla Brand.Tempestad Ingrid.Barranco Ada.Campo-Corrente Sten.Sanjorge Jr. Orhan.Strum Willem.Vasco-Pais Bertrand.Ovan Albina.Hafon Benito.Hawelon Claudio.Hawelon Henk.Mies Valeria.Morlun Adan.Morlun Cecilia.Morluniau Irene.Nant Dylan.Scozzese Lucas.Alcazar Isak.Baza Linnea.Bergen Nils.Calixto Sven.Flecha Hideki.Cocinaro Inga.Ferro Loreto.Bodrogi Isia.Vann Stenig.Fusil Hennie.Osvaldo Kanon.Herrero Varja.Lagos Minke.Mies Felix.Resumir Edvard.Vann Emile.Arpa Varro.Awelon Mat.Bramar Dante.Coginian Carla.Forluniau Linda.Lagos Cornelia.Lais Ruscella.Mies.Haber Anda.Ribera,2
Lucas.Alcazar,Sven.Flecha Isak.Baza,2
Lucas.Alcazar,Sven.Flecha Lucas.Alcazar Isak.Baza,5
Lucas.Alcazar,Sven.Flecha Nils.Calixto,1
Marin.Onda,Emile.Arpa,2
Marin.Onda,Gustav.Cazar Kare.Orilla Adra.Nubarron Vira.Frente Felix.Balas Brand.Tempestad Elsa.Orilla Axel.Calzas Marin.Onda Isande.Borrasca Lidelse.Dedos Birgitta.Frente,1
Marin.Onda,Isande.Borrasca Elsa.Orilla Felix.Balas Brand.Tempestad Kare.Orilla Adra.Nubarron Lars.Azada Marin.Onda Gustav.Cazar,1
Marin.Onda,Rachel.Pantanal Lars.Azada Felix.Balas Isande.Borrasca Axel.Calzas Gustav.Cazar Lidelse.Dedos Birgitta.Frente Vira.Frente Adra.Nubarron Marin.Onda Kare.Orilla Elsa.Orilla Brand.Tempestad Ingrid.Barranco Ada.Campo-Corrente Sten.Sanjorge Jr. Orhan.Strum Willem.Vasco-Pais Bertrand.Ovan Albina.Hafon Benito.Hawelon Claudio.Hawelon Henk.Mies Valeria.Morlun Adan.Morlun Cecilia.Morluniau Irene.Nant Dylan.Scozzese Lucas.Alcazar Isak.Baza Linnea.Bergen Nils.Calixto Sven.Flecha Hideki.Cocinaro Inga.Ferro Loreto.Bodrogi Isia.Vann Stenig.Fusil Hennie.Osvaldo Kanon.Herrero Varja.Lagos Minke.Mies Felix.Resumir Edvard.Vann Emile.Arpa Varro.Awelon Mat.Bramar Dante.Coginian Carla.Forluniau Linda.Lagos Cornelia.Lais Ruscella.Mies.Haber Anda.Ribera,1
Marin.Onda,Vira.Frente,3
Marin.Onda,Vira.Frente Marin.Onda Gustav.Cazar Birgitta.Frente Axel.Calzas Felix.Balas Lidelse.Dedos Brand.Tempestad Lars.Azada Adra.Nubarron Kare.Orilla,1
Mat.Bramar,Dante.Coginian,1
Mat.Bramar,Mat.Bramar Anda.Ribera Rachel.Pantanal Linda.Lagos Ruscella.Mies.Haber Carla.Forluniau Cornelia.Lais,     18
Mat.Bramar,Rachel.Pantanal Lars.Azada Felix.Balas Isande.Borrasca Axel.Calzas Gustav.Cazar Lidelse.Dedos Birgitta.Frente Vira.Frente Adra.Nubarron Marin.Onda Kare.Orilla Elsa.Orilla Brand.Tempestad Ingrid.Barranco Ada.Campo-Corrente Sten.Sanjorge Jr. Orhan.Strum Willem.Vasco-Pais Bertrand.Ovan Albina.Hafon Benito.Hawelon Claudio.Hawelon Henk.Mies Valeria.Morlun Adan.Morlun Cecilia.Morluniau Irene.Nant Dylan.Scozzese Lucas.Alcazar Isak.Baza Linnea.Bergen Nils.Calixto Sven.Flecha Hideki.Cocinaro Inga.Ferro Loreto.Bodrogi Isia.Vann Stenig.Fusil Hennie.Osvaldo Kanon.Herrero Varja.Lagos Minke.Mies Felix.Resumir Edvard.Vann Emile.Arpa Varro.Awelon Mat.Bramar Dante.Coginian Carla.Forluniau Linda.Lagos Cornelia.Lais Ruscella.Mies.Haber Anda.Ribera,     20
Mat.Bramar,Varro.Awelon,3
Minke.Mies,Adra.Nubarron,1
Minke.Mies,Inga.Ferro,3
Minke.Mies,Inga.Ferro Loreto.Bodrogi Isia.Vann Hennie.Osvaldo Minke.Mies Ruscella.Mies.Haber,1
Minke.Mies,Nils.Calixto,2
Minke.Mies,Rachel.Pantanal Lars.Azada Felix.Balas Isande.Borrasca Axel.Calzas Gustav.Cazar Lidelse.Dedos Birgitta.Frente Vira.Frente Adra.Nubarron Marin.Onda Kare.Orilla Elsa.Orilla Brand.Tempestad Ingrid.Barranco Ada.Campo-Corrente Sten.Sanjorge Jr. Orhan.Strum Willem.Vasco-Pais Bertrand.Ovan Albina.Hafon Benito.Hawelon Claudio.Hawelon Henk.Mies Valeria.Morlun Adan.Morlun Cecilia.Morluniau Irene.Nant Dylan.Scozzese Lucas.Alcazar Isak.Baza Linnea.Bergen Nils.Calixto Sven.Flecha Hideki.Cocinaro Inga.Ferro Loreto.Bodrogi Isia.Vann Stenig.Fusil Hennie.Osvaldo Kanon.Herrero Varja.Lagos Minke.Mies Felix.Resumir Edvard.Vann Emile.Arpa Varro.Awelon Mat.Bramar Dante.Coginian Carla.Forluniau Linda.Lagos Cornelia.Lais Ruscella.Mies.Haber Anda.Ribera,1
Minke.Mies,Vira.Frente,3
Nils.Calixto,Axel.Calzas,2
Nils.Calixto,Isak.Baza Nils.Calixto Sven.Flecha,1
Nils.Calixto,Isak.Baza Sven.Flecha,2
Nils.Calixto,Kanon.Herrero,2
Nils.Calixto,Lucas.Alcazar Isak.Baza,1
Nils.Calixto,Lucas.Alcazar Isak.Baza Nils.Calixto,5
Nils.Calixto,Lucas.Alcazar Isak.Baza Nils.Calixto Sven.Flecha,     10
Nils.Calixto,Lucas.Alcazar Nils.Calixto,     10
Nils.Calixto,Lucas.Alcazar Sven.Flecha Isak.Baza,1
Nils.Calixto,Lucas.Alcazar Sven.Flecha Nils.Calixto,1
Nils.Calixto,Minke.Mies,2
Nils.Calixto,Nils.Calixto Isak.Baza,1
Nils.Calixto,Nils.Calixto Lucas.Alcazar Sven.Flecha,2
Nils.Calixto,Nils.Calixto Sven.Flecha,     10
Nils.Calixto,Sven.Flecha Isak.Baza Nils.Calixto,1
Nils.Calixto,Sven.Flecha Lucas.Alcazar Isak.Baza,1
Nils.Calixto,Sven.Flecha Nils.Calixto,2
Orhan.Strum,Gustav.Cazar,3
Orhan.Strum,Ingrid.Barranco Ada.Campo-Corrente Orhan.Strum,2
Orhan.Strum,Ingrid.Barranco Ada.Campo-Corrente Sten.Sanjorge Jr. Willem.Vasco-Pais,1
Orhan.Strum,Irene.Nant,2
Orhan.Strum,Orhan.Strum Sten.Sanjorge Jr. Ada.Campo-Corrente,2
Orhan.Strum,Orhan.Strum Willem.Vasco-Pais,1
Orhan.Strum,Stenig.Fusil,2
Orhan.Strum,Sten.Sanjorge Jr. Willem.Vasco-Pais Ada.Campo-Corrente Orhan.Strum,1
Orhan.Strum,Willem.Vasco-Pais,2
Orhan.Strum,Willem.Vasco-Pais Orhan.Strum,6
Rachel.Pantanal,Albina.Hafon,1
Rachel.Pantanal,Claudio.Hawelon,1
Rachel.Pantanal,Hennie.Osvaldo,2
Rachel.Pantanal,Mat.Bramar Anda.Ribera Rachel.Pantanal Linda.Lagos Ruscella.Mies.Haber Carla.Forluniau Cornelia.Lais,     14
Ruscella.Mies.Haber,Ada.Campo-Corrente,1
Ruscella.Mies.Haber,Adra.Nubarron,2
Ruscella.Mies.Haber,Inga.Ferro Loreto.Bodrogi Isia.Vann Hennie.Osvaldo Minke.Mies,1
Ruscella.Mies.Haber,Inga.Ferro Loreto.Bodrogi Isia.Vann Hennie.Osvaldo Minke.Mies Ruscella.Mies.Haber,1
Ruscella.Mies.Haber,Mat.Bramar Anda.Ribera Rachel.Pantanal Linda.Lagos Ruscella.Mies.Haber Carla.Forluniau Cornelia.Lais,     14
Ruscella.Mies.Haber,Rachel.Pantanal Lars.Azada Felix.Balas Isande.Borrasca Axel.Calzas Gustav.Cazar Lidelse.Dedos Birgitta.Frente Vira.Frente Adra.Nubarron Marin.Onda Kare.Orilla Elsa.Orilla Brand.Tempestad Ingrid.Barranco Ada.Campo-Corrente Sten.Sanjorge Jr. Orhan.Strum Willem.Vasco-Pais Bertrand.Ovan Albina.Hafon Benito.Hawelon Claudio.Hawelon Henk.Mies Valeria.Morlun Adan.Morlun Cecilia.Morluniau Irene.Nant Dylan.Scozzese Lucas.Alcazar Isak.Baza Linnea.Bergen Nils.Calixto Sven.Flecha Hideki.Cocinaro Inga.Ferro Loreto.Bodrogi Isia.Vann Stenig.Fusil Hennie.Osvaldo Kanon.Herrero Varja.Lagos Minke.Mies Felix.Resumir Edvard.Vann Emile.Arpa Varro.Awelon Mat.Bramar Dante.Coginian Carla.Forluniau Linda.Lagos Cornelia.Lais Ruscella.Mies.Haber Anda.Ribera,     10
Stenig.Fusil,Hideki.Cocinaro Varja.Lagos Loreto.Bodrogi Edvard.Vann Stenig.Fusil Hennie.Osvaldo Felix.Resumir Minke.Mies,2
Stenig.Fusil,Inga.Ferro Hennie.Osvaldo Varja.Lagos Minke.Mies Hideki.Cocinaro Edvard.Vann Stenig.Fusil Isia.Vann,1
Stenig.Fusil,Kanon.Herrero Stenig.Fusil Inga.Ferro Hideki.Cocinaro Hennie.Osvaldo Felix.Resumir Isia.Vann,3
Stenig.Fusil,Loreto.Bodrogi Isia.Vann Edvard.Vann Hideki.Cocinaro,1
Stenig.Fusil,Minke.Mies Stenig.Fusil Felix.Resumir Kanon.Herrero Loreto.Bodrogi Hennie.Osvaldo,3
Stenig.Fusil,Orhan.Strum,1
Stenig.Fusil,Stenig.Fusil,3
Stenig.Fusil,Varja.Lagos,2
Stenig.Fusil,Vira.Frente,2
Sten.Sanjorge Jr.,Ada.Campo-Corrente Ingrid.Barranco,1
Sten.Sanjorge Jr.,Ada.Campo-Corrente Orhan.Strum Willem.Vasco-Pais Sten.Sanjorge Jr.,1
Sten.Sanjorge Jr.,Henk.Mies,2
Sten.Sanjorge Jr.,Ingrid.Barranco Ada.Campo-Corrente,1
Sten.Sanjorge Jr.,Ingrid.Barranco Ada.Campo-Corrente Sten.Sanjorge Jr. Willem.Vasco-Pais,1
Sten.Sanjorge Jr.,Ingrid.Barranco Sten.Sanjorge Jr.,3
Sten.Sanjorge Jr.,Orhan.Strum Sten.Sanjorge Jr. Ada.Campo-Corrente,3
Sten.Sanjorge Jr.,Orhan.Strum Willem.Vasco-Pais,1
Sten.Sanjorge Jr.,Orhan.Strum Willem.Vasco-Pais Ada.Campo-Corrente Sten.Sanjorge Jr.,2
Sten.Sanjorge Jr.,Sten.Sanjorge Jr. Ada.Campo-Corrente,3
Sten.Sanjorge Jr.,Sten.Sanjorge Jr. Ada.Campo-Corrente Ingrid.Barranco,2
Sten.Sanjorge Jr.,Sten.Sanjorge Jr. Willem.Vasco-Pais,2
Sten.Sanjorge Jr.,Sten.Sanjorge Jr. Willem.Vasco-Pais Ada.Campo-Corrente Orhan.Strum,1
Sten.Sanjorge Jr.,Willem.Vasco-Pais Orhan.Strum,1
Sten.Sanjorge Jr.,Willem.Vasco-Pais Sten.Sanjorge Jr. Ada.Campo-Corrente,3
Sten.Sanjorge Jr.,Willem.Vasco-Pais Sten.Sanjorge Jr. Ada.Campo-Corrente Orhan.Strum,2
Sven.Flecha,Isak.Baza Lucas.Alcazar,1
Sven.Flecha,Isak.Baza Nils.Calixto,1
Sven.Flecha,Isak.Baza Sven.Flecha,4
Sven.Flecha,Lucas.Alcazar Isak.Baza Nils.Calixto Sven.Flecha,7
Sven.Flecha,Lucas.Alcazar Sven.Flecha Isak.Baza,1
Sven.Flecha,Lucas.Alcazar Sven.Flecha Nils.Calixto,1
Sven.Flecha,Nils.Calixto Isak.Baza Sven.Flecha,3
Sven.Flecha,Nils.Calixto Lucas.Alcazar Sven.Flecha,2
Sven.Flecha,Nils.Calixto Sven.Flecha,9
Sven.Flecha,Sven.Flecha Isak.Baza,2
Sven.Flecha,Sven.Flecha Isak.Baza Nils.Calixto,1
Sven.Flecha,Sven.Flecha Lucas.Alcazar Isak.Baza,5
Sven.Flecha,Sven.Flecha Lucas.Alcazar Nils.Calixto,4
Sven.Flecha,Sven.Flecha Nils.Calixto,1
Valeria.Morlun,Adan.Morlun Claudio.Hawelon,1
Valeria.Morlun,Albina.Hafon Dylan.Scozzese Henk.Mies Claudio.Hawelon Cecilia.Morluniau Valeria.Morlun Irene.Nant,1
Valeria.Morlun,Anda.Ribera,1
Valeria.Morlun,Claudio.Hawelon Dante.Coginian Varro.Awelon Valeria.Morlun Dylan.Scozzese,2
Valeria.Morlun,Dante.Coginian Albina.Hafon Benito.Hawelon Henk.Mies,1
Valeria.Morlun,Dylan.Scozzese Adan.Morlun Henk.Mies Albina.Hafon,1
Valeria.Morlun,Emile.Arpa Dante.Coginian,1
Valeria.Morlun,Henk.Mies Benito.Hawelon Cecilia.Morluniau Claudio.Hawelon Valeria.Morlun Albina.Hafon Irene.Nant,1
Valeria.Morlun,Stenig.Fusil,1
Valeria.Morlun,Valeria.Morlun Adan.Morlun Emile.Arpa Claudio.Hawelon,1
Valeria.Morlun,Valeria.Morlun Varro.Awelon,2
Valeria.Morlun,Varro.Awelon Claudio.Hawelon Dante.Coginian Dylan.Scozzese Benito.Hawelon Henk.Mies Emile.Arpa,1
Varja.Lagos,Axel.Calzas,1
Varja.Lagos,Hennie.Osvaldo Loreto.Bodrogi Varja.Lagos Inga.Ferro Kanon.Herrero Hideki.Cocinaro Minke.Mies,2
Varja.Lagos,Hideki.Cocinaro Varja.Lagos Isia.Vann,2
Varja.Lagos,Hideki.Cocinaro Varja.Lagos Loreto.Bodrogi Edvard.Vann Stenig.Fusil Hennie.Osvaldo Felix.Resumir Minke.Mies,1
Varja.Lagos,Kanon.Herrero Hennie.Osvaldo Inga.Ferro Felix.Resumir Edvard.Vann Loreto.Bodrogi Minke.Mies Isia.Vann Varja.Lagos,1
Varja.Lagos,Kanon.Herrero Stenig.Fusil Inga.Ferro Hideki.Cocinaro Hennie.Osvaldo Felix.Resumir Isia.Vann,1
Varja.Lagos,Minke.Mies Isia.Vann Hideki.Cocinaro Felix.Resumir Loreto.Bodrogi Kanon.Herrero Stenig.Fusil Varja.Lagos,1
Varja.Lagos,Stenig.Fusil,2
Varja.Lagos,Stenig.Fusil Varja.Lagos Kanon.Herrero,1
Varja.Lagos,Varja.Lagos Hennie.Osvaldo Loreto.Bodrogi Inga.Ferro,1
Varro.Awelon,Adan.Morlun Varro.Awelon Irene.Nant Dante.Coginian Dylan.Scozzese Henk.Mies Claudio.Hawelon Cecilia.Morluniau Albina.Hafon Benito.Hawelon,1
Varro.Awelon,Albina.Hafon Emile.Arpa Varro.Awelon Valeria.Morlun Claudio.Hawelon Cecilia.Morluniau Henk.Mies Adan.Morlun Benito.Hawelon,1
Varro.Awelon,Albina.Hafon Henk.Mies Emile.Arpa Valeria.Morlun Irene.Nant,1
Varro.Awelon,Benito.Hawelon Cecilia.Morluniau Varro.Awelon Albina.Hafon Dante.Coginian Claudio.Hawelon,1
Varro.Awelon,Bertrand.Ovan Varro.Awelon Dante.Coginian Adan.Morlun Albina.Hafon Claudio.Hawelon Cecilia.Morluniau Irene.Nant Henk.Mies,1
Varro.Awelon,Carla.Forluniau,2
Varro.Awelon,Claudio.Hawelon Albina.Hafon Dylan.Scozzese Irene.Nant Varro.Awelon Benito.Hawelon Dante.Coginian,1
Varro.Awelon,Irene.Nant Albina.Hafon Benito.Hawelon Dante.Coginian Claudio.Hawelon Varro.Awelon Henk.Mies Adan.Morlun Valeria.Morlun Cecilia.Morluniau,1
Varro.Awelon,Mat.Bramar,3
Varro.Awelon,Rachel.Pantanal Lars.Azada Felix.Balas Isande.Borrasca Axel.Calzas Gustav.Cazar Lidelse.Dedos Birgitta.Frente Vira.Frente Adra.Nubarron Marin.Onda Kare.Orilla Elsa.Orilla Brand.Tempestad Ingrid.Barranco Ada.Campo-Corrente Sten.Sanjorge Jr. Orhan.Strum Willem.Vasco-Pais Bertrand.Ovan Albina.Hafon Benito.Hawelon Claudio.Hawelon Henk.Mies Valeria.Morlun Adan.Morlun Cecilia.Morluniau Irene.Nant Dylan.Scozzese Lucas.Alcazar Isak.Baza Linnea.Bergen Nils.Calixto Sven.Flecha Hideki.Cocinaro Inga.Ferro Loreto.Bodrogi Isia.Vann Stenig.Fusil Hennie.Osvaldo Kanon.Herrero Varja.Lagos Minke.Mies Felix.Resumir Edvard.Vann Emile.Arpa Varro.Awelon Mat.Bramar Dante.Coginian Carla.Forluniau Linda.Lagos Cornelia.Lais Ruscella.Mies.Haber Anda.Ribera,1
Varro.Awelon,Valeria.Morlun Dylan.Scozzese,1
Varro.Awelon,Valeria.Morlun Varro.Awelon,1
Vira.Frente,Axel.Calzas Vira.Frente Birgitta.Frente Isande.Borrasca Brand.Tempestad Felix.Balas Gustav.Cazar Marin.Onda Kare.Orilla Adra.Nubarron Lidelse.Dedos Elsa.Orilla,1
Vira.Frente,Axel.Calzas Vira.Frente Lidelse.Dedos Elsa.Orilla,2
Vira.Frente,Elsa.Orilla Gustav.Cazar Kare.Orilla Vira.Frente Lars.Azada Adra.Nubarron Felix.Balas Axel.Calzas Marin.Onda Lidelse.Dedos Brand.Tempestad,1
Vira.Frente,Elsa.Orilla Vira.Frente Kare.Orilla Isande.Borrasca Gustav.Cazar Birgitta.Frente Brand.Tempestad Lars.Azada Marin.Onda Axel.Calzas,1
Vira.Frente,Isande.Borrasca Elsa.Orilla Felix.Balas Brand.Tempestad Kare.Orilla Adra.Nubarron Lars.Azada Marin.Onda Gustav.Cazar,1
Vira.Frente,Isande.Borrasca Lars.Azada Kare.Orilla Marin.Onda Elsa.Orilla Axel.Calzas Brand.Tempestad Vira.Frente,1
Vira.Frente,Linda.Lagos,1
Vira.Frente,Marin.Onda,2
Vira.Frente,Minke.Mies,3
Vira.Frente,Stenig.Fusil,2
Vira.Frente,Vira.Frente Axel.Calzas,3
Vira.Frente,Vira.Frente Felix.Balas Axel.Calzas,1
Willem.Vasco-Pais,Ada.Campo-Corrente Orhan.Strum Willem.Vasco-Pais Ingrid.Barranco,3
Willem.Vasco-Pais,Ada.Campo-Corrente Orhan.Strum Willem.Vasco-Pais Sten.Sanjorge Jr.,1
Willem.Vasco-Pais,Inga.Ferro,2
Willem.Vasco-Pais,Orhan.Strum,1
Willem.Vasco-Pais,Orhan.Strum Willem.Vasco-Pais,3
Willem.Vasco-Pais,Orhan.Strum Willem.Vasco-Pais Ada.Campo-Corrente Sten.Sanjorge Jr.,1
Willem.Vasco-Pais,Rachel.Pantanal Lars.Azada Felix.Balas Isande.Borrasca Axel.Calzas Gustav.Cazar Lidelse.Dedos Birgitta.Frente Vira.Frente Adra.Nubarron Marin.Onda Kare.Orilla Elsa.Orilla Brand.Tempestad Ingrid.Barranco Ada.Campo-Corrente Sten.Sanjorge Jr. Orhan.Strum Willem.Vasco-Pais Bertrand.Ovan Albina.Hafon Benito.Hawelon Claudio.Hawelon Henk.Mies Valeria.Morlun Adan.Morlun Cecilia.Morluniau Irene.Nant Dylan.Scozzese Lucas.Alcazar Isak.Baza Linnea.Bergen Nils.Calixto Sven.Flecha Hideki.Cocinaro Inga.Ferro Loreto.Bodrogi Isia.Vann Stenig.Fusil Hennie.Osvaldo Kanon.Herrero Varja.Lagos Minke.Mies Felix.Resumir Edvard.Vann Emile.Arpa Varro.Awelon Mat.Bramar Dante.Coginian Carla.Forluniau Linda.Lagos Cornelia.Lais Ruscella.Mies.Haber Anda.Ribera,1
Willem.Vasco-Pais,Sten.Sanjorge Jr. Ada.Campo-Corrente Ingrid.Barranco,1
Willem.Vasco-Pais,Sten.Sanjorge Jr. Willem.Vasco-Pais,1
Willem.Vasco-Pais,Sten.Sanjorge Jr. Willem.Vasco-Pais Ada.Campo-Corrente Orhan.Strum,2
Willem.Vasco-Pais,Varja.Lagos,1
Willem.Vasco-Pais,Willem.Vasco-Pais Orhan.Strum,1
Willem.Vasco-Pais,Willem.Vasco-Pais Sten.Sanjorge Jr. Ada.Campo-Corrente,1
Willem.Vasco-Pais,Willem.Vasco-Pais Sten.Sanjorge Jr. Ada.Campo-Corrente Orhan.Strum,2
